"measure","month","AO_00055","AO_00053","AO_00024","AO_00070","AO_00051","AO_00040","AO_00015","AO_00025","AO_00045","AO_00087","AO_00026","AO_00001","AO_00088","AO_00104","AO_00029","AO_00030","AO_00031","AO_00032","AO_00050","AO_00102","AO_00019","AO_00092","AO_00048","AO_00062","AO_00020","AO_00009","AO_00054","AO_00076","AO_00046","AO_00010","AO_00060","AO_00056","AO_00036","AO_00021","AO_00078","AO_00022","AO_00100","AO_00028","AO_00074","AO_00073","AO_00005","AO_00081","AO_00079","AO_00077","AO_00039","AO_00083","AO_00064","AO_00011","AO_00017","AO_00037","AO_00059","AO_00035","AO_00034","AO_00014","AO_00042","AO_00033","AO_00043","AO_00044","AO_00075","AO_00109","AO_00049","AO_00052","AO_00002","AO_00080","AO_00061","AO_00041","AO_00082","AO_00058","AO_00085","AO_00027","AO_00086","AO_00067","AO_00090","AO_00084","AO_00105","AO_00089","AO_00016","AO_00066","AO_00091","AO_00072","AO_00047","AO_00063","AO_00057","AO_00093","AO_00110","AO_00012","AO_00065","AO_00071","AO_00069","AO_00094","AO_00099","AO_00095","AO_00096","AO_00098","AO_00106","AO_00101","AO_00068","AO_00097","AO_00038","AO_00103","AO_00107","AO_00108","AO_00013"
"t_max","1","27.7707961050568","25.4429106681695","24.8632467454597","29.7814147949035","25.7457987633062","30.278108190702","24.5511206595322","25.7619133733873","27.4781320880565","29.1095266034842","29.3028726639192","30.5501909317175","25.4796338482903","28.049497075258","30.5299239375403","28.167185605121","27.7745102174758","25.8467063905","25.2355628968468","28.9309693367822","25.878303084863","27.903635726379","29.209694671629","27.045161118129","26.5548948226935","26.4325643970323","27.4023643986935","28.889826645476","30.845360245347","23.9070647456532","25.530122228","29.3832197127822","27.8782464550968","28.171339908839","23.991068070879","26.088926746137","26.1345268495645","31.7912389202423","24.4561174701129","27.2325462095568","28.4364608027015","25.834015138758","30.6479084630887","23.6608851770887","26.1144623541695","32.9153764785483","28.305594364266","24.9766028866129","24.2507961888468","29.604728624895","26.4700861777018","29.5854445428148","28.6728541220322","24.2259316967984","22.8577315052339","34.4592163823305","27.0114307528468","23.9009675549838","24.4188479023467","26.0556137822823","29.1171527001935","26.043568912734","29.8116688390323","24.9409527932904","24.3117017684677","24.5517390097984","28.033177554266","28.1292448966533","27.758292561113","27.9895165966855","30.1539353156452","30.7499742816042","29.5655359330967","29.319144611855","25.7375202055","27.1375741283547","25.3132258262177","27.270340359758","29.1341676281048","25.1291434996775","25.5147481855888","32.2740196474758","30.5148706742903","26.7588096619195","30.3541325723467","26.2789844145728","26.6652639819678","27.5834424419192","30.4263943580402","29.5000676063307","26.479413186508","27.7426235076615","25.0520545468468","28.936346706274","26.5023806665242","28.5594885549358","32.0685259420085","23.8403516708871","25.0694664246775","28.419580078218","26.9699801538308","24.299287832992","24.9622228808548"
"t_max","2","28.3797927734483","25.9738681258765","25.5144840035505","30.337497795819","26.2267259719272","30.789239970855","24.9497256901706","26.558310240059","28.202072555163","29.520414446365","29.82413409943","30.9775482695232","26.2085855268602","28.668833485472","30.8853973970042","28.8027118637148","28.417688833078","26.5910974222377","25.370445154824","29.262720395488","25.8936165936382","28.78633428588","29.3099490076143","27.7691199927785","26.4478020653222","26.5478761249192","27.7967453990093","29.5373454400143","31.6268990305245","24.3878089293728","25.6580904542705","30.1351344789985","27.3188076075515","27.7224390661527","24.0588356837546","26.0269997442045","25.9850928564993","31.6629653582418","25.4130991387875","27.9316722560155","28.788703093568","26.0035261398365","31.20089102032","23.8010018569412","26.7528340562032","33.3599920968188","28.8648083362817","25.83726669571","24.5693308459187","28.601256563042","27.0588140741915","30.390283633473","29.4603562624057","24.5006070790074","22.5426898308501","34.9761083425425","26.2727363107952","24.0118381463423","24.4335559648504","25.841851279687","29.6500516675322","26.963820808897","30.3819628804703","25.5197045011275","24.5973798301333","24.5024883850665","28.834323201896","28.5496489474203","28.50761346597","28.6774766395792","30.7980091339755","31.6106514934955","28.3791209104088","29.996580869934","26.4288721423832","27.726017165485","25.6889460409055","27.9175969043753","29.6683612438335","25.7301810767523","25.841514448425","32.9996785394613","31.1418288536657","27.4730958036082","30.9745864662057","27.0022232421893","27.3540917101325","28.2435143929092","30.3965388866465","30.1938326126048","26.7569667074033","28.3010547628622","25.847930597166","29.5549151923615","27.3221714433295","29.0063622882317","32.3884106791435","24.00987980192","25.761936901918","27.406770578381","27.5145082257875","24.8475177397758","25.8020634984628"
"t_max","3","28.2157636335805","26.2398248244033","25.2111687445565","30.5028717042745","25.8843128573792","30.320737703435","24.8156671340323","26.9070609555565","28.194498000637","29.536562273613","30.0851093907497","30.3444190488305","26.4414766373065","28.7487001971853","31.0642352198305","28.9800041198147","28.3189631307663","27.0063397560648","25.0017901020968","29.6192065330888","25.5748137689678","28.5278530242987","28.6707647015325","27.6522158469193","26.0136052285645","26.1933057478307","27.3405712006372","28.9328261837177","31.2550127583305","24.4595418132097","25.183572806129","29.7006313447177","26.6077589711772","26.9650894166127","23.6216978748952","25.7392525457178","25.262407536734","30.7976146083225","25.8340385930323","27.6215914325485","28.4985444098788","25.7803599695967","30.8227584347423","23.3627572582984","27.2063665819035","32.81531893825","28.9167889749032","26.03093419225","24.3411253651935","27.7348798198385","27.353036400621","30.086389381782","29.3544582245403","24.2655174501533","22.2344026873549","34.1103654922743","25.8884790728627","23.6259065198226","23.7967550954999","25.4740179984678","30.0567513251613","27.1092956296697","30.135897261048","25.43406064425","24.4895701746694","24.3786036582984","28.7987501083553","28.0844844203952","28.0968400770325","29.0893528353465","30.4144333869355","31.2994170896207","27.5651241672177","29.877576815613","26.8531289624113","27.3710117217178","25.5153318344678","27.5586255474595","29.670972270557","26.054292543605","25.2954607808952","32.2983829129273","31.1778117027337","27.6730528800403","30.6095649718548","27.0067121198065","27.555883690605","27.2598874000725","30.159981413798","30.3118513539112","26.4881192853388","28.4382596416855","26.1098528462018","29.4884040340242","27.677078099653","29.1630489965725","31.4906467314515","23.7192558288064","25.9897581778145","26.552744416266","27.832554085169","24.9649171645806","25.8208197317097"
"t_max","4","27.5770368195082","26.4495369465918","25.6163767241583","30.1844786835332","26.0141852570498","31.0932386781","24.8823147836833","27.32721618655","28.551593907667","29.0255007171583","29.8012576802082","30.8899129994748","27.3738196818082","29.10134811415","30.6999318439915","28.4962371063502","28.39477612825","26.8047770437335","24.8977201080333","29.5516857910668","25.6206707764168","28.771024856525","29.6664203643997","27.45210197445","26.1734235128748","26.5713606262833","27.6102686309417","28.7252211761915","30.7671227518003","24.6485146840833","25.1478947194668","29.750367482525","26.913631998575","27.0701248425248","23.4289004261834","25.8186506653167","25.2921699016333","31.9240606943917","26.5413837942417","27.4113654074168","29.3622595468335","26.1883630371165","30.7603980764333","23.1881109110334","27.1232762654918","31.6774959819915","29.0516140493582","26.491615066675","24.2751488749166","27.8743904368082","28.2276063283918","30.0670913443665","29.5860794322418","24.2459259541834","22.46815625515","33.0516388194165","26.1982222238335","23.499550323475","23.4900543467083","25.5510570525918","30.0169759115583","27.9702447256835","30.1880019888168","25.4542758941333","24.5425491078833","24.8898240407249","29.2012973532165","28.1936645254585","27.8610204315165","28.7872031401915","30.156839650458","30.759020563975","27.7764990234502","29.2240186311165","26.9044835917582","27.34383661915","25.5491196949165","27.4941808321","29.2389537300582","26.100306574525","25.1129045869583","31.6048986307915","31.0869006602162","27.3550316875915","30.740058008817","27.3347734324167","28.0264018758665","27.0009019215083","31.1925041453418","29.8114389546585","26.9313642122","28.4718346914168","26.6017070516","28.7885611214833","28.3897174072168","29.0724598439412","31.1200931803997","23.6830997213166","26.5389407094333","26.7152689108085","27.9886021423752","25.2715520985082","26.1423759714835"
"t_max","5","28.8716785556372","27.550526526742","26.0652108470323","30.4740212716132","27.1981288786695","31.4436273391367","25.632775927992","28.5594768895565","29.6352503377178","28.1580084278065","29.6783815692745","31.317121148911","28.8108436584033","30.1416424659595","29.7751439495322","29.2713675714677","29.0773359235887","27.8350098641213","25.4894733552662","28.932473361097","26.162826292016","30.0944830124675","31.399888758589","28.9660515816372","26.8052469069353","28.0340597584598","29.2876327514835","29.915688816145","32.6346811355725","25.5858458488388","25.865707914266","30.3866613818383","27.4382109118467","27.6605300410808","24.1466106537984","26.4660453795725","26.4097541070645","33.7870344101048","27.6637556013793","29.192521323","30.6732409569513","27.4732559203867","32.6647905411775","24.1173104564838","27.6040438252903","31.9409861164597","29.514324803573","27.7403338279032","24.9872511339356","28.130267038508","29.2849013545323","30.610810581387","30.2746599506048","24.8044093964758","22.8321798755887","33.8581533124922","26.6195813334275","24.1143225640242","24.3819093274032","26.1821562490888","29.1728905463627","29.3197783192257","29.2999191039675","26.4322038959115","25.0849399197985","25.5008760268547","30.49086840221","29.4127220154112","29.2866292401852","29.2306791488793","31.7271459272663","32.4068065273225","28.287680398274","30.409427298234","27.072292598621","28.8175329885725","26.3665244318628","28.692826400266","29.3755787758225","27.1016122142582","26.1481146536695","31.6345659073065","30.7191020350807","28.76612408554","32.7313669266533","28.6094135162177","29.1280804295887","27.594768352081","32.1797572228713","30.6654624693225","28.530361224887","29.153657433274","27.9228285265807","30.0682935161695","29.4966783585967","29.3287804634678","30.7086103869997","24.2841653638548","27.5112785337982","27.308505864355","28.708065598976","26.2531141957902","27.6801748953228"
"t_max","6","29.8611354318","28.2474096171585","25.2793775940418","31.2362626648082","27.3918168894165","28.2827651977003","25.5792802175082","28.7735534413","30.197820917775","26.7826216378667","29.467945149875","28.39240053815","28.9023994191667","30.7084458415","28.0564491780253","30.2729745737835","29.4343229420335","28.8586298370168","25.2160050711418","27.5670254263332","25.7255456034915","30.5728307597585","30.4583228556747","29.9343905894915","26.1516044363","27.7489903259582","29.8111988320835","30.1789446004585","33.4073540752252","25.7433149719418","25.4882565817332","30.1948744203668","26.2584575654667","27.0013326008752","23.8574329884916","26.1076973216582","25.795019378775","32.8497007498163","27.674293925","30.0517600761247","30.3237885030415","27.232391357425","33.697374496425","23.9849877675167","28.0278146363082","30.9900405119917","29.8076165518917","28.0964553323915","24.9231252035501","26.7620895385335","29.032096964625","30.3554600524832","30.3613868457997","24.6001824698583","22.0796812439417","32.4898471069327","25.8352038574668","23.8159582264333","24.1451274618083","25.6954931385335","27.4172406516","29.5025232696747","26.4920951081082","26.4040123496167","24.8780780285666","24.5095861815834","31.196123529992","29.5431844584165","29.8211292266667","29.9027113597497","32.7150470988168","33.5267993926667","27.3851174673832","31.55407936095","27.305240961875","29.3078126526665","26.4651884716583","28.893244781467","29.8673111216082","27.9337905374835","26.1053193156332","30.8887566121835","28.1764769745667","30.0493926494082","33.48639818845","28.96643956495","29.7138535818835","26.6562553659915","31.4815647380083","31.7055749004585","28.6844317882083","29.9123424783832","28.7609686536415","30.9923645526667","29.4478413136","29.7632764943167","28.708582661942","24.1411599733167","27.3819438171665","26.3361341603917","29.2044277447253","26.2513358052997","28.1075902812"
"t_max","7","30.379941805032","28.7344746989515","24.6137987199274","31.5117883989837","28.0295924771938","26.2702136625565","26.156602822734","29.1013108283952","30.316214087976","26.139655058008","29.2889998406047","26.5366976829757","29.2974884034675","30.9145451207903","27.2305480464515","30.8738818508065","29.5620916550808","29.249058704879","25.7550556060242","26.7904323209032","26.1859672054435","30.980274298992","30.2588824365645","30.545353797226","26.420291014629","28.3930380789755","30.64281446404","30.8962515553548","33.76763837275","26.4177358565807","26.0901714940402","29.9789204996608","26.3916210790405","27.4359925548145","24.4341878585","26.6104171753872","26.2733109259515","32.8715650495802","27.8851341740485","30.4624640435325","30.750430371766","27.7908058658793","34.3294123494598","24.5826873780081","28.185399603024","29.9770500674678","29.9839307476938","28.7076572541047","25.6289339619438","26.9846948685728","29.4753262674272","30.1130975785402","30.3221228322498","25.1100323830243","22.4769213768226","31.285187751871","26.2863482321775","24.3683740431613","24.7783846208226","26.2308258057177","26.3719279136692","29.653821563879","24.6434602799839","26.8875184583307","25.4031980206452","24.7606247439355","31.441559059379","30.269290161218","30.4716265527822","30.135924406992","33.3066849739358","34.1091763158148","27.8738988568792","32.018994755911","27.5324864788547","29.949630884976","27.1294249256938","29.4019743888225","30.065659135484","28.386684147153","26.6436921149595","30.2891887296693","26.7313993147177","30.5202889718867","34.1002530005803","29.6248533925243","29.8813201659835","25.7858325098467","31.836727216226","32.094684945524","29.194343690008","30.3073068189275","29.1656319895323","31.3524492325","29.7878986973225","30.218890996137","27.4400725333952","24.766135554121","27.7974743504515","26.7581757084355","29.5216087342902","26.7254821778227","28.697010557032"
"t_max","8","30.7506567677825","28.4045377914517","24.673449706992","31.275651501016","29.7632385501935","25.5553351371772","28.3315892127178","30.9162517424435","29.794087563734","26.1033792803065","29.0590747957822","25.9785474715888","30.0898778853548","30.4600912770645","27.212173855855","30.641108900468","29.417482782016","28.6731765502503","28.2533897891127","26.7760310511533","28.7204626021773","30.857686122758","30.3177749635405","30.984568171339","28.740339931484","30.9586672876047","31.9112718642742","32.1647190955965","34.4974431190725","28.336351062508","28.606537283734","29.80399014875","28.9946520406693","29.9869649087822","27.0894511562178","29.2055416230568","29.1212644024918","33.4859328977255","28.2759604176932","31.1011599632095","32.1317830239918","30.088080326258","34.8657522632902","27.1115619044677","27.3536516742825","30.1879616029675","29.9500078510488","29.7898706990163","28.0791131296775","29.7232842231533","31.2876646227017","30.266929011137","30.0549782045968","27.4898619128385","24.7877571843629","31.5935879615885","29.0280988877902","26.9863213077903","27.5347944690648","29.0402801760482","26.456675301871","29.4198194197013","24.6743770232097","29.1045229513225","27.7223846189437","27.0680820835","30.953329295613","31.9519951850645","31.3297991106695","29.6558805897337","33.6241967477822","34.4584288814273","30.7292860710325","32.2991222505565","27.0001546552902","30.8675450971613","29.4036826103628","30.6983608615078","29.9925829486775","27.9209434263548","28.6544454266612","30.7172828920883","26.9872649161775","30.4658139629357","34.932973381911","30.7264796841937","29.348461766403","26.3204738494435","33.6433459128952","32.115609273645","30.8649206838068","30.1227249639837","28.6696161823632","31.680320641218","30.4005219982337","29.857323972653","27.7677872933308","27.3697185147745","29.8351295227583","29.559280100097","28.7554930901775","28.8105362431772","30.1904038705245"
"t_max","9","30.1087045288497","27.3680427806832","25.618379160525","31.5689209493917","30.1836481985748","26.7096248117918","29.3139639536168","31.1928129068912","29.5964136251915","26.922483113675","29.3979537202333","27.3670517731915","29.8804575095248","30.2978379567752","28.0782193503085","29.7886883289667","29.7694496917667","27.5118923696998","29.999896799708","27.4501011403585","30.6584199525335","30.45168490095","30.9749750265083","30.2117875417665","30.77600799575","32.260596644125","31.5179254151168","32.2104465230335","34.337864074808","28.3591009521168","30.0681185150832","30.459310150225","31.6674758911915","32.2667749534332","28.8583766427665","31.0978703053835","31.2608858745085","34.2019945527577","27.5454926553585","30.6989474995165","32.6247486114748","31.2605121867085","34.091138712525","28.4355239105585","27.0861695608003","31.1896358745085","30.1233134714918","29.1214551289668","29.2665886940915","32.6487299092747","32.0309521992167","30.8994623310582","30.418977483225","28.9895555623915","26.9284527842165","32.981955108558","31.6054219817583","28.7765049235502","29.2032272083835","31.1876437886332","27.5142605082997","28.8229224651083","26.2281174724","29.9891726176667","29.24551966345","29.1146706390335","30.6549772136668","32.2117967988083","30.985059280292","29.3706657917415","32.7710362243753","33.8678168234162","33.5983932748332","31.6758012644918","26.9153486379167","30.5298842622085","30.4365804291083","30.7407747395668","30.4036571503","26.781043777575","29.3007662965168","31.7168919373585","28.2704153443082","29.199586308825","34.3923674011668","30.0647124989917","29.0631061046415","27.7091294099667","34.8391744995415","31.6816558075997","31.0129384613418","30.0592751058415","27.3336038207918","31.1486690522668","29.9302175394248","29.9847770436665","29.5824449666917","28.9697124228668","30.6933872223002","32.2329648843748","28.19049036665","29.789169133625","29.8496688588165"
"t_max","10","28.6443839287575","26.5625230359435","25.3041553619435","31.114371736492","28.1405138323065","28.8574510880647","27.1777276809515","28.2958190425645","28.6243612473147","28.256784697718","29.6244702001212","29.631198218629","27.9032732318548","29.3550011914033","29.4625839479275","28.76056476721","29.143435471992","26.5649252615645","28.590933572016","28.3190868746698","29.3890793094675","29.5445490191615","31.5785117367015","28.5324727212823","30.1526087854035","30.1650201366532","29.4925958204837","30.574312640895","32.737770671258","25.9554825075402","28.42496586475","30.0747595511293","31.792952777508","31.94820571425","27.0131181779275","29.8047115695243","30.156264545113","34.5114668568952","25.652944675516","29.0428811349278","31.5486377592423","29.2435213397825","32.0448369918548","26.2102448494517","26.6415784284677","31.606071078524","29.524128427766","26.8917519846293","27.0191272613147","33.2751578793067","30.139469762073","30.460931298016","29.807889212508","27.238359192911","26.4623385029113","33.3262857498875","31.4916110869518","27.259935268355","27.1742117850965","30.2295722716127","28.7340580600725","27.4808810080647","28.0301329827908","27.5597703748465","27.5925304290163","28.3779803616452","29.536541846524","30.3650101446775","29.3501976505485","28.533691578621","31.0751522680968","32.0156508415077","33.881818931339","30.0108853248465","26.311427110274","28.7592102049435","28.140518631508","28.9600446887095","30.1308206620402","25.9989961440645","27.3629937943145","31.8647742734032","29.7247139224597","27.7197925199112","32.3107028347905","27.9501512343148","28.0229621642338","27.5150101448068","33.9321366095725","30.3425075901292","28.7459524832255","29.1729883502577","26.182215093863","29.7727288277985","28.1462532042662","29.4847256814198","30.951323847726","27.0055333046532","28.3477670485565","32.5211046280883","27.707390643758","27.490724354379","27.2064587745645"
"t_max","11","27.6071141307418","25.803324483325","24.3874433644334","30.078717854908","26.2900564576165","29.80291002935","25.4170173389832","26.6361407470582","27.7330755360665","28.61996185295","29.287025807875","30.34879051215","25.9840420023833","28.4380508168332","30.0205524952248","28.00808438625","28.1997157542667","25.8218809254918","26.4209677124665","28.6950111135","26.94486272175","28.3127910107668","29.989404246192","27.2209019216585","27.9301341502085","27.6827630105915","27.858992970825","29.0412499492","30.7952102916747","24.7758405049834","26.3894814046417","29.5108655803412","29.797294565867","29.6374909465002","24.8935048930083","27.41114804585","27.6082037861665","32.7227772014755","24.4152160136833","27.314501012225","29.19419044495","27.1027345276832","30.5670586650415","24.3627209473584","26.1958779907418","32.1915775807833","28.8753501131085","25.4105792999667","25.1919916026585","31.7656533814995","27.6511062114415","29.9545768484665","29.03284970615","25.1196146392","24.4080691273833","33.5158196767415","29.0533044434417","25.0397667187168","25.1796431986915","27.7104847973497","29.1711295064253","26.3170142110585","29.1518610128","25.660446217875","25.437894922975","26.04287307755","28.4484179178335","28.7116145071168","27.8393655396335","27.7905932617085","29.9089001465167","30.3668731690003","31.759089660758","28.7592873636913","25.7524941763333","27.229508082142","26.1674809774083","27.4365542348667","29.5226244355165","25.3089021555917","25.8961270651668","31.893184076975","30.8931197358003","26.7707405345418","30.510462036225","26.595734837975","27.041841481525","26.6388675945918","31.598322168942","29.1483508556332","27.1960425313915","28.1421087392415","25.2937516023832","28.7351003267","26.719732615225","28.8871793874502","31.364549891075","24.8631662496583","26.1963838959333","30.5774162293665","27.2317705790165","25.4676866660668","25.4428875223833"
"t_max","12","27.4276394014595","25.4152982402902","24.4657247728951","29.698813900008","25.666917124234","29.664221314492","24.6676767904838","25.7398578520885","27.339772895145","28.757811121734","29.0862874431207","30.041256935371","25.2903457148547","28.0030144969275","30.1392638175405","27.891017126645","27.6660294317743","25.582215143113","25.552891171371","28.6151911828225","26.1520890511612","27.703904355032","28.9918240947583","26.8064015049515","26.8491312582902","26.6838289076613","27.3196965864355","28.591668356637","30.3726254371935","24.0289047487662","25.6137179713388","29.1006710422015","28.7255097665805","28.623090116379","24.2037671981854","26.5110652063225","26.5158387707743","31.6622657284357","24.0765319332016","26.8562364394275","28.1661737749195","26.1342588854032","30.3254167372662","23.7733402377662","25.980714219613","32.3960061350485","28.273358892742","24.7859985597097","24.4394679161129","30.7216593588145","26.432723974395","29.360826283153","28.5022268234435","24.4395216172419","23.520845154742","33.7952788567423","27.753414227871","24.2434002292581","24.5644134029194","26.5977663594598","28.9211384189195","25.7333746879595","29.360522362548","24.9056448414598","24.5625189996855","24.9579791655242","27.9044314969435","28.0521577403953","27.387604104363","27.695740484476","29.8136978640805","30.2178022078953","30.5239913940485","28.7931055622985","25.5392695766127","26.8154528709272","25.4106774115","26.9414871461937","29.052002938169","25.0066592309435","25.43346633925","31.683275333516","30.7377393413953","26.4683806881613","30.0760373762985","26.016860863613","26.5861859229515","26.823057113371","30.4959699569595","29.0896063281612","26.5603396262097","27.7091856188065","24.8699802523146","28.5664204259032","26.2595051427983","28.5709073465565","31.684559434605","24.1536024033629","25.1251638350645","29.3670681123465","26.9234938098308","24.4761742131129","24.7738245810806"
"t_min","1","18.086048446129","17.2283965628871","17.4969660113064","20.745981376387","15.2542148959516","20.5225728189193","14.9841535506694","15.2354749618556","18.7828779586371","21.7022501970887","21.1053686574114","20.3895634314195","16.0697599103387","19.1790393569839","22.4770349737339","18.8107497434274","19.2305472424194","17.7353777485887","14.9048230080266","22.3218127129435","15.639689660992","18.1852028140483","18.0357856258952","17.2224226182339","16.0209507604516","16.2643744684354","18.0561515069193","18.0564233596613","20.2752347884839","13.8138634466516","16.4181131178549","20.30380137175","15.7872408712702","16.4302683675726","14.4385166292823","15.1664751362339","15.7489742648709","19.2679018821855","16.5479230327984","17.8975425474194","17.9924500987178","16.622576855008","20.5316340293144","14.5687168981855","18.7382580171855","22.8109250406855","19.600830206508","15.8287070735081","14.4036723966911","16.1678016662903","16.2191297224193","20.2857309765322","19.6830536594275","14.5772671855403","13.7149343429355","23.6507772941855","16.353306579613","14.7905144228951","15.3396573957177","15.3239952581129","22.7580106430001","16.7219543949273","22.2673250015564","14.9991427514774","14.158138471992","14.7513495169758","18.9083400590081","17.8601083571612","17.6997665405242","19.554851802613","20.2481348345806","20.2117514825242","17.6266579413306","20.1929184945887","18.4560405610323","17.5203283741532","14.9776340116532","16.2470166359194","20.1253084970484","17.1829688040403","16.4977830456533","22.0742670239194","23.5079369822499","17.9243072018791","19.9929519407017","15.797298751371","18.4910484697177","18.5359328239597","19.0340663295887","19.8956610649113","16.7332194914435","19.2796495007339","17.2424943948871","19.1134693271048","16.3395472128871","20.0949888169435","22.2044697423467","14.6220995504355","15.2536620602097","16.6256741677661","18.7592806416936","14.4407325497661","15.6031403573629"
"t_min","2","18.3449047473346","17.4088570325188","17.9115644726613","21.0188476751161","15.2993368959179","21.3194101899483","14.9956781970394","15.2566554432349","19.0078413105292","21.9638367488876","21.4086936640992","20.9890921145382","16.2924562661647","19.3333106962663","22.7360209869602","19.0330671264018","19.565531262081","17.96487131667","14.8646471899356","22.6780675733925","15.5352835276102","18.4574069827162","18.584389615213","17.487954947694","16.0323421723168","16.3360702289545","18.1223860558064","18.2735358996186","20.5976843152731","13.9286582984501","16.459691795841","20.6624143820255","15.7259315670616","16.3652651866075","14.4843057538497","15.1699947396789","15.5925488637543","19.7129125801739","16.7999509494286","18.2589302655671","18.4023496495923","16.4683820565376","20.7273941933947","14.6202671115563","18.9590859398932","23.1642336143929","19.9309185394563","16.1046908082931","14.4557984140362","16.5150158642405","16.3679652877121","20.6417718991712","19.9299423339657","14.6238308331222","13.4872926805484","24.0240242096309","16.1773899680102","14.59840965842","15.2421876757482","15.2059854817685","23.1756431945746","16.951613508043","22.7758453398017","15.0669657656619","14.344154021504","15.0291094541263","19.1663586644344","18.0388032434206","17.9007441750803","19.7772182596931","20.5488206714156","20.6183634500536","17.3813938309166","20.4439808512503","18.7575731240274","17.7464698931903","15.000347598864","16.6147747133895","20.455126984495","17.4019042537605","16.2127643979797","22.4721675150339","24.1207179431653","18.152530822513","20.1168236493624","16.0160395373362","18.6935152490357","18.818756862878","19.3003024106503","20.1436729996401","16.772636812935","19.562648171975","17.5332063250906","19.3331259948922","16.465101039198","20.3152317488257","22.4363933309953","14.6073585069499","15.4039830522866","16.4596570883814","18.9411143863938","14.5056850959705","15.9302910537666"
"t_min","3","18.3047625881693","17.4050663163387","18.3751542615323","21.1401954897098","15.1879598802177","22.2507893717097","15.0248393397904","15.3584656745726","19.0359518278307","22.1170234518548","21.5062609517661","21.7160824683468","16.7184225759678","19.374758692","22.9572877620483","18.9922449665403","19.6753372507581","17.9162959190645","14.9140740916774","22.9278520364517","15.4015241315403","18.5614116299113","19.2509730431129","17.408596014105","16.0555655203065","16.1584775124517","17.7890277492822","18.1618766045726","20.5087522937258","14.3187531010338","16.3572823556289","20.7630193640322","15.6137809508275","16.1928158913952","14.4666155414919","15.2742799330322","15.2249980804436","20.0965534825242","17.1739919847097","18.2490732500887","18.8411156439112","16.1436118094839","20.5899981099435","14.5423885469677","18.9171910194114","23.2772161571533","20.1202033785001","16.434639518629","14.7080962396128","16.9172702912903","16.7022897535161","20.8084318692823","20.0409114544113","14.7605141670484","13.3115405666404","24.0382071292984","16.096360458992","14.4219759541452","15.1131216479274","15.0051040157097","23.461033476121","17.2252488414677","23.0089083273629","15.2926383726612","14.5920080123952","15.6159144741371","19.2054017343064","17.9974597562823","17.7384675056452","19.678177002887","20.4193610653709","20.7863014959919","17.1341418359114","20.5044982170806","18.8015670531291","17.5682642045161","14.9741536787259","16.7781224650322","20.6320107669596","17.4153153204436","15.8184211239516","22.567162127008","24.1920425906129","18.100704414758","20.048822218363","16.2607413752983","18.6879779009032","18.9792663327661","19.6450447083629","20.1534604227097","16.6514261800807","19.597734291379","17.5888032626532","19.2264609059838","16.7675380582177","20.4031342043629","22.5002510071533","14.6407659960807","15.6401658827661","16.2989700071371","19.05336517825","14.6737304195645","16.308018198258"
"t_min","4","17.9560871634","17.1600929983999","18.5021378837167","20.8769742584417","14.5705258433084","22.234354324425","14.3801289114583","14.7351833851751","18.8411875568416","22.0079256434917","21.2558991750751","21.652603988775","16.6175133769666","19.2050793753583","22.9587833774583","18.694534963025","19.4778783472416","17.5820784505167","13.8361993917584","22.8982129694083","14.2538869984751","18.5225853984667","19.1394425709667","17.0954286957833","15.1189078522667","15.26971565255","17.2913796235333","17.7886082713666","20.1963803864834","14.25454803455","15.70286865235","20.6111644598749","14.4056495157067","14.8479064178191","13.6342432659","14.7258056385334","14.0976109314","19.4758974709833","17.0431805166917","17.9432596843083","18.5420719909333","15.2090419770083","20.317102839225","14.043246485475","18.6391304779416","22.990056020025","19.98097085965","16.0936919912333","14.037314631125","16.2136819457584","16.14197034195","20.7270816776334","19.9505071684417","13.9685163114667","12.2367671716034","23.7813737046083","15.4660854340083","13.3379401397175","14.5160429380833","14.2230282086","23.3265381462","17.3298720551","22.771748326625","14.713392944375","13.7891894787416","15.3264443969833","19.0691010524416","17.6366354879167","17.35888003045","19.308383890825","20.193351364075","20.7439032745667","15.6514707437499","20.3918340556917","18.5125107828499","17.2393639882","14.2340551504167","16.8107883199417","20.390923073625","17.1392418926167","15.2036582438334","22.4311512338334","23.817064717675","17.6919732157167","19.7828814443249","16.065533371175","18.3977164090083","18.9291411082166","18.9791111501083","19.9173653922001","16.326244354275","19.2609486643667","17.4275181940083","18.8981621297999","16.5052914175168","20.245319671675","22.1896024577","13.7699105073083","15.0934134419667","14.8828389995916","18.9096756235917","14.0116666921584","15.9095419821751"
"t_min","5","17.278148454242","16.4363510678629","17.5540229059274","20.1429856332177","12.9006668335653","20.203719871371","12.7938469178847","13.0639530306185","17.8822235436533","21.3211038275806","20.5452201842742","19.6675845730001","15.4072704191612","18.3580764382984","22.1885864419435","17.9344401944274","18.4057576074435","17.0553367369274","11.8776019927201","21.9482599900645","12.3006163812532","17.3981995120967","17.5408808061854","16.0643633935967","13.4834132041072","13.6290593300734","16.0005379215403","16.2326132004839","19.5140699078307","12.9623707680154","14.0956615571936","19.3513345355808","12.519140920233","12.7599283772097","11.7743205655581","13.5128144295395","12.2573812177669","17.5346976495967","15.7627415072178","16.9442890290323","17.0937765059355","13.7553450062919","19.1173947981049","12.5695418327548","18.0514685844677","21.6080747110242","18.778140874008","14.7420196042419","12.3240549149436","14.6771137606774","14.5362043565727","19.4567136468226","18.8128081389516","12.4250413463411","10.69672851555","22.5051246248064","14.3651650458467","11.3826329877693","12.8876638844968","12.7831150671234","22.4296815375242","16.1825835688709","20.9872669836694","13.113614802375","11.9923724760266","14.2870970449919","18.1160528690887","16.3583833017258","16.1439820074919","18.8574737055485","19.3050376400404","19.762802099363","13.3474631771371","19.7146489051854","17.759743376758","16.0559226988387","12.4486897869379","15.4542102444517","19.3354039406533","16.418132240492","14.0064207755387","21.0695640768387","22.5681676555808","17.1114371515967","18.3362536031855","14.8455661405","17.4571637644516","17.8508809736855","17.4790514791532","19.4322085719516","15.6067708415161","18.395171380879","16.5940528845241","18.3938003540726","14.9403986532661","19.6217813553064","20.6300857543468","12.0120352220888","13.5250174738227","12.4337110704661","18.1910724025484","12.6490952030331","14.4566052345645"
"t_min","6","15.5194923655833","14.3766132930668","15.3846153767","17.7123351032583","11.3900577291817","17.1561449177417","11.3576621246774","11.2423130290691","15.2445078445916","18.9969557857666","18.2144365183167","16.6154156749","13.4605103556158","15.7262971049167","19.7442844311416","16.2742625680333","15.7336261249167","15.3799378967833","9.88690213518413","19.6432975746833","10.231300862665","14.7103806051083","15.0992306517084","13.5888576763166","11.3966009267291","11.6334999593359","14.3113566081667","14.170614140675","17.81684628805","11.5605094401233","12.3326582083259","16.5458264239417","10.0283133697117","10.310086517385","9.61083071399912","11.7734215546525","9.61845219925755","14.6725009156166","13.83233067821","14.8909208934334","15.16370023105","11.9176947020341","17.2400766499251","10.7619476318825","16.2065223185084","18.9113504302917","16.0166454517","12.8652537535934","10.6416228738742","12.1900006358759","12.7643406422334","16.560018306275","16.0857064138251","10.8597761537383","8.889349594155","19.9784967874667","12.2950652059859","9.35248484301665","11.0520378622167","10.5129885864266","20.1902598437333","13.6290610505951","18.0681754302333","11.3907109833067","10.1611140442891","13.0579804483592","15.5261101520084","14.8359377290833","13.7578070322367","17.3273892467667","17.2243363698416","17.9169019826584","10.4343250528625","17.9335649871499","15.5260748292417","13.9821470385583","10.9004467773842","13.343244501765","16.583457688575","14.4556088513167","12.6801731362942","18.1219738876001","19.9653362020417","15.3139298758833","16.427416229325","12.8017548117592","14.96834241915","15.2294910686084","15.723050969375","17.8084711965833","14.1326948292833","15.8205916596417","14.3398669236084","16.7203029125833","12.674631296935","17.2935671743083","17.708258489025","10.2524054464941","11.7029956817417","9.6813851673983","15.7993162283083","11.196589101265","12.8226957194824"
"t_min","7","14.8385665647016","13.5960847355403","14.3383705138468","16.6754422095886","11.4003508045121","15.7940151584355","11.2874481202041","10.9929986031556","14.4350103533307","17.5413825847661","16.9343697086451","15.3060224471774","12.8059927418919","14.9754508253629","18.2837440719677","15.6991489533871","14.9139271831693","14.60890146075","9.64107018748958","18.2040405710888","9.99928736532422","13.8385077446855","14.294477253621","12.8820302410242","11.1136659684","11.2785837235323","14.0168569504355","13.7072826751452","17.3155296325161","11.3824266001725","12.2182218983016","15.4995087094113","9.8710575226903","10.1462577572605","9.17527657791615","11.679899720104","9.1302823958653","13.9537032343629","13.2573063020298","14.0324324823548","14.4570421526693","11.6823271721202","16.8802608121371","10.3468003057926","15.3294534500242","17.4815263769677","15.0067178365403","12.3927938646193","10.3519224598033","11.8189272235169","12.5352155377533","15.5861180272178","15.3008188432419","10.7364684322766","8.93803836458227","18.6062559701693","12.1072693118887","9.20948215613793","10.7800092636476","10.3203835765492","18.6912275180484","12.706595808396","16.5355219194435","11.1813113304541","9.8355185232468","13.1264491173403","14.7042782710081","14.659664843258","13.0661490901129","16.537911076758","16.5955170908468","17.3648204681453","10.112013933729","17.48814089375","14.4782344695241","13.4328312042662","10.8892261382033","12.6502307768822","15.2234229877662","13.7013294342903","12.8741701433476","16.9658790262016","18.3344911637661","14.5874635758146","16.1319270965161","12.2237527663137","14.1514920010161","13.9796429296371","15.5393076004355","17.3786223381532","13.8823209455242","14.9679457141532","13.4577051263306","16.1429743120645","12.0956271263935","16.3915958529274","16.4650552811613","10.1076894452565","11.4261115289388","9.34400181925725","14.9222403003952","10.9701789610573","12.5520026423685"
"t_min","8","15.6660753312419","14.3315699349435","14.2380139012984","17.45894612975","12.8820139239412","15.6860245242339","12.8035466594444","12.3156755755967","15.4449223395887","17.8281040105404","17.4597652312259","15.369222825613","13.1094849616564","16.1471932517016","18.6482513885886","16.6101450027662","15.7854285480161","15.2339761059193","11.3942840330346","18.529311715637","11.7782271107936","14.6230494099597","14.5901478429839","14.2371309342338","12.7196765531443","13.4504477224887","15.4683572584113","15.236072687887","18.6299733808226","12.1169323091339","14.6358526662564","16.129206359621","11.6599724555605","12.3690517549137","11.1900082742637","13.3914200321065","11.6755755270339","14.6554221369517","13.8584683573952","14.8798584230565","14.5401938161693","13.7262271757791","18.8205495528306","12.0925147025944","15.8332614038065","17.9296407598307","15.8062302407822","13.3155965498452","11.9001446385943","13.0993954812452","13.2933423442588","16.4302966214515","16.2326799236936","12.4243802715435","10.7686398414436","19.0859684012097","13.8029455369959","11.5803480578388","12.9147800814774","12.7905738093355","18.9361138153709","13.250258685734","16.6723364799516","12.6028844772274","11.2631622807113","14.0414649962904","15.5656421339193","16.0570392485645","14.4207627081291","17.1373914410968","18.2286303612742","18.754163631371","11.9534949517645","18.8748144090161","15.0860760350807","14.6461053416774","12.5342593285895","13.4646822038225","15.8026304323952","14.4430431240645","14.706869753008","17.8040041189516","18.20382038225","15.3333577309597","17.9991157285807","13.1284420137307","15.0885089584032","14.2770633328629","15.9974460724919","18.4394882202258","15.2945823915565","15.9210901814677","14.1341848425565","17.2156545577016","12.8275552564831","17.2531752061533","16.6953356590725","12.0816796826403","12.6514815792459","11.2555315325331","15.8123174853064","12.1466181356056","13.7150358631533"
"t_min","9","16.82657519025","15.4062453387751","15.3411495716834","19.0186076354667","14.1862139639917","16.89173731495","14.1425148518334","13.6316505178417","16.9299861576583","19.2911769629","18.8088353220084","16.8413283284416","14.3985495502834","17.7410109670667","20.1533228777666","17.4930628713416","17.2163185299416","16.2093176776917","13.3060653688501","19.9215989905083","13.7570553587417","16.0387459055583","15.7945464579584","15.708945287","14.3732147982166","15.4221121724667","17.2678557588333","17.1795548250501","20.1737791951166","13.1054351297917","16.7724400329417","17.6057203297417","13.55309603367","14.6544170381083","13.1290573375566","14.7838412729582","14.1886425781059","16.2956285857249","15.0797688546917","16.3983054860416","15.7738250223499","14.9454013315258","20.3434708659","13.6289958192034","16.8297968546334","19.5660878078249","17.3425509747749","14.6231891378583","13.7120412191417","14.4361181132833","14.367401479075","18.0461561635083","17.7578932073666","13.95806701675","12.4821612294609","20.75754464935","15.5775459035584","13.7929085286108","14.9665845234874","15.0226693218167","20.5668737746667","14.8124132283083","18.2995079040333","14.1881530252167","12.7078784688726","14.4964597320334","16.9551088548583","17.5033632405334","16.0799226888583","18.1498391216751","19.680236765575","20.051988321925","14.3414932250458","19.6658118185416","16.3462620289749","16.308138122625","13.9708296457833","15.0326110839667","17.4694996742917","15.4779131320667","15.8460241955166","19.6661514263417","19.60463999435","16.4055024210334","20.0688830311","14.449776458725","16.5060337408833","16.039267959575","16.9873840332834","19.3245143635916","16.1199637856917","17.4246712240083","15.15945800555","18.247663955775","14.307577260325","18.6896706136749","18.3587743886583","13.7639745585475","13.9332140858501","13.6257277171642","17.1349756369084","13.5323804473333","15.0626072693584"
"t_min","10","17.5300018556694","16.4462646394517","16.9014434076775","20.329973774645","14.9436907367984","18.8278360429033","14.8134346500645","14.8098556272741","18.2135155353226","20.8864423277338","20.2432713170404","18.9805409339838","16.0413010628145","18.9804016716452","21.8621145810323","18.1515336067097","18.5769327800241","17.0388471295403","14.6324110954113","21.5170114118065","15.1540303384677","17.4484308550161","17.3552583017419","16.6599400181936","15.5662623991936","16.0615732008709","17.7078671854919","17.8305962347661","20.557678911871","14.2050412331049","17.0362492469516","19.1821405973146","14.8806912822419","16.2330052530967","13.9938141115323","15.4217486966129","15.2451746542016","18.3293918486371","16.5677921172741","17.2610922292097","17.4910010800485","16.0101807625242","20.3320759926533","14.3087496356774","17.8276768838548","21.3214682577581","18.8755245972823","15.7527139479919","14.6263752352984","15.5427534290161","15.9696015636613","19.5944910329516","19.2389572185081","14.6778310959597","13.5398147090653","22.3248837609759","16.6130803016694","14.6689435651372","15.7247054070484","15.6815257656854","22.2766964619678","16.4530918737984","20.4283157594759","15.1636942464354","13.7949386351936","15.0180795486694","18.2909124329839","17.7799457427903","17.076122554742","18.9334114813548","19.8060984458225","20.2273572614678","16.2868300160887","19.8253950303629","17.4563803396049","16.9442043182501","14.6847561251854","15.8675950326855","19.1631810481371","16.4266552835161","16.3711721358629","21.2727968755726","21.849170906371","17.2233149129677","20.2769972031774","15.4452792260162","17.7225955528951","17.9609218474274","18.6815160197258","19.5860301603145","16.4443524269032","18.6922010852257","16.2531714698871","18.7544851733871","16.2347505139113","19.788461697492","20.7030034464355","14.4300775590886","14.9600642052017","15.3514250233387","18.2928262281533","14.4228934996129","15.8337837712177"
"t_min","11","17.744521128275","16.908336974475","17.6173278555","20.6719515738334","15.1172634633333","20.100714213125","14.9025598399666","15.2298025768167","18.7658986407917","21.4782297277167","20.9186939748166","20.2305897779333","16.3960011800167","19.366674987375","22.38315370585","18.3389912416167","19.1825580962583","17.3082405090833","14.93021222435","22.1985375074","15.5788009391","18.1076199596416","18.0751631927667","17.0707104746833","16.0282115681916","16.0737233735833","17.7443652597917","17.88792869575","20.3276734925001","14.3684858195475","16.5788543445917","20.1164793281667","15.5252265676584","16.494033915175","14.0262595623584","15.33423856115","15.5080602774084","19.3594383749584","16.8989011892917","17.5179563904416","17.979286092125","16.4139716847834","20.1868257140833","14.2525285340499","18.240069275","22.4952778650334","19.6243431679251","15.9352667492167","14.6369704947334","16.035737101225","16.4742818450834","20.4322562857667","19.929318792025","14.655838343325","13.893588892625","23.3772911804416","16.5183717091417","14.6845191446084","15.4556673432833","15.3752218118166","22.8265944694917","17.0227039845583","22.0164956918833","15.2287714895667","14.1097226969501","15.0804209900417","18.8886394393083","17.6570908864917","17.4718679555917","19.1159141286583","19.7829324595333","19.9493723043417","17.282038523425","19.8309686534917","17.9070939383666","17.1647457377167","14.801856028275","15.940750732475","19.9990165771","16.8095091502333","16.5754661305167","22.1514140865166","23.5487595622334","17.5178933462167","20.0063385010167","15.6887247468083","18.2672626541917","18.919936523525","19.2183261362416","19.5407342022917","16.4402563731917","19.1020651501166","16.8605111388584","18.8088367970751","16.7286492920166","20.0174065651332","22.1641407521583","14.4883027903166","15.2720900980167","16.3451187898001","18.6221448518167","14.5793355050583","15.783747965525"
"t_min","12","17.8685298550967","17.0304475713387","17.4764773708306","20.602720568242","15.2498079362258","20.2028052792339","15.011600223629","15.3143027275242","18.6854295037581","21.6202975987338","20.970948200871","20.2398368836048","16.1740500910645","19.1747755212741","22.4227681571371","18.5312997879839","19.0956639095","17.4911338805806","15.0314759778153","22.2066067242339","15.7491744996048","18.1113840411371","17.9253780242581","17.0404185387096","16.0648900186048","16.2321204894193","17.9307492656532","17.9303255387742","20.1361723870081","14.0473761528136","16.4562954318952","20.1569911166614","15.7787922521113","16.4970455293387","14.3109343251936","15.2979543133064","15.7758731472903","19.2231053014194","16.6625967457177","17.5970983937177","17.8963982368386","16.6697040681613","20.3117894080725","14.4367500305403","18.4754333004516","22.6420569641855","19.5144615236291","15.820100698129","14.5993162094581","16.0537908738887","16.3504129226371","20.283693746","19.7160095092742","14.6919967898871","13.9067953541073","23.4992352031533","16.4469620736128","14.8638353655645","15.4186416872259","15.4570377472984","22.6353456501774","16.8189106357903","22.1653749773226","15.1463426406129","14.1670891792234","14.8112506497499","18.8144059012015","17.7451922263306","17.5574670362903","19.292779442508","19.9817080835887","19.9770783457339","17.606392620492","19.9640818196211","18.1465905958548","17.2941568682823","14.9761459594757","16.0333292561291","19.9989498383225","16.9481359912016","16.6865027150484","22.0273285367822","23.575379968508","17.6834924266531","19.9469355185404","15.7295887115968","18.3199812949355","18.6633143026371","19.0590983483548","19.6898111405","16.6327670929678","19.1020173596048","16.9913112124597","18.9009914275","16.5166376422017","19.9783472861209","22.247094677508","14.6570903409717","15.2913091846533","16.6409639665806","18.6566677463628","14.5598583590242","15.6356284850081"
"prec","1","139.826682374275","172.348720227375","115.75567457595","114.9184502639","203.442328661325","26.944089823925","181.46433677015","148.466369201375","111.0842813527","143.524138099275","115.007822878375","53.14849303395","128.0533657694","117.6446531589","141.62130240955","142.81725432585","92.44333603835","139.3441386097","171.164175779225","109.83040026375","161.14674435845","95.9461505557","91.585970571475","116.024087963975","137.716766050225","231.787034708875","135.96239881645","115.828725811975","130.5198306575","134.261206087325","209.041819017225","68.37653248495","119.909411429125","146.33690834925","190.66031750105","183.76848729595","218.090128849525","92.932021264675","117.065910157425","115.854013353425","123.039240297725","222.5423019909","125.010060654375","199.564280677875","123.2610432602","52.5821652507","75.65848162275","110.076903297425","177.787665981975","108.943460193325","158.517628055825","70.1108022472","83.0658933432","193.714194880725","100.7644388128","48.31315492055","168.00779257795","195.39896521665","210.561340289875","192.96541597535","126.933338743775","87.2833867404","68.947636214325","161.3775595823","160.4267807307","119.932013412875","88.223465283425","148.331162785725","91.446548724175","139.7836488784","140.903664743825","134.67631151815","152.132257973925","144.16744213625","135.335789285275","149.67891500715","188.0621611375","118.350974251725","92.119082552325","147.25481793135","210.725714443675","67.417676394275","60.835994789","144.7580158088","143.7490286072","124.174491059425","139.972628331625","83.591533395975","119.03245953925","145.0325148015","200.3066858267","118.62568369505","110.8018284918","144.931447287475","89.91065986855","137.90573611805","66.235951049975","188.750443804875","146.7909846567","143.14484652425","142.53768490555","155.840053134375","126.64206955635"
"prec","2","135.781327993575","179.6556035065","93.83450363515","126.86314586415","170.544332582725","76.078464492325","136.027588963475","141.59213447455","129.386694432","151.904941546125","138.180816475175","93.5909857668","134.530224206825","142.820454490075","173.136549972","135.00599345355","113.043954799775","136.184038846975","141.380570667325","151.814537991325","142.71091876085","107.299245318825","114.11462991705","107.920875901125","140.363255641575","181.8525259438","139.055001178675","129.37447739195","127.9391365652","127.389573366775","182.44834944115","86.91207815295","122.650756111025","139.306805079725","153.1343129824","146.9369577352","159.9810719202","116.4220024055","106.090979065725","134.2057681972","122.01939269265","184.573180042825","124.8918957475","172.426716492","124.0053986559","110.142927123375","82.801317169325","103.5152987404","139.6027176407","124.92632349985","150.16294803255","95.2414503105","106.76425134775","151.237177921475","112.8061618258","60.530209064725","143.696628171375","132.6434975431","160.144109082525","157.5154086411","167.3298966379","87.29715338485","80.994851389575","133.8280821129","139.748927108075","121.837504513725","115.69478517415","156.8829532121","105.89677575795","137.999627212825","123.4851218105","125.62010274135","127.117398939025","128.235706103625","122.690463995925","142.570002366775","150.381845668125","132.463811071375","104.909517058625","153.609033447475","171.392953775125","87.172848539275","63.396429291925","139.0034767588","128.13280050035","106.9736922639","147.81360359285","71.936651305225","138.8410179463","134.691153182625","205.231344222125","145.6876756317","120.206828886","130.196548875125","99.724503577","125.8850732447","74.038976748875","141.4153559311","140.297569456625","123.816965427775","140.64448852005","144.99799536785","112.60364152695"
"prec","3","191.377264793275","177.1270150448","193.703637425625","173.24168444935","228.77250108055","101.8219479378","230.06403970255","240.39654038195","179.094577991075","162.1141110914","159.31429098845","161.08540355085","258.90784772135","182.2458256735","170.341598267675","174.744220132825","189.38441977655","184.83476796975","230.8555722833","159.7112428931","229.63038693575","191.9503883833","266.25831775615","196.566908942075","260.95158893515","212.437847998525","198.8816046497","191.235274366625","183.5261522735","215.79657016205","194.205219560025","182.67219404105","162.36451426405","216.736061358","205.294863056225","213.51255396215","213.032995575125","250.347299027925","175.0519236431","189.55861232135","266.414557524675","216.691500076125","181.445776099525","218.5642896596","194.09861672475","132.7103066451","198.929070261575","191.83148175245","231.895785655175","143.4114134477","269.075271577625","167.690505777125","188.04657988565","228.43687881715","166.91276974085","134.804638531625","193.61642854165","217.621210391725","202.037104539525","184.732108345525","151.564980631625","200.124060967025","143.8458908878","229.1453834225","229.977934819825","199.081609078925","179.955536077175","201.724039219675","187.563956038425","178.237028983975","191.425569958325","179.802069267075","161.10265618015","173.813971610175","187.85503059625","209.780003040825","219.832571183075","194.808481314075","171.018343969475","202.9619772483","217.772756757075","164.7027960039","169.0312794341","182.1403292578","194.3107692378","198.1620062946","184.8320006789","192.76409559025","262.398565233125","172.997164196925","224.77132223755","183.379790182325","200.07130179315","178.0294388859","231.219664537875","180.8688396755","169.853490928025","211.7893861676","239.625498503525","205.83772157505","190.43613347815","256.077859447625","214.7054841486"
"prec","4","174.952088850375","134.17593785975","113.03003214765","206.60450119185","97.692050235575","50.246374915925","105.394717257625","128.943170598475","200.114240574475","183.5383134721","204.6263787597","74.7355816678","123.4308332443","194.73869580385","167.150211736775","210.092027582825","218.74126866655","203.038821200825","90.18829263805","150.69681072825","95.187434724075","147.903392216225","109.677033633225","156.7978340959","89.5806626022","75.77802221365","126.49053580875","128.4317250364","150.315467534325","124.177390313325","78.847113773325","213.428912250525","53.994777682975","83.239484224975","90.1867620225","88.489116313125","77.4002808895","87.675614162575","106.76685959575","149.5236285181","111.1915904239","85.3363890473","149.84675985535","90.6792188052","183.58632011055","172.906377549375","253.69030938805","129.32068405455","108.368500707475","48.995455344025","113.330487061325","204.854300744975","213.4633134744","115.359557522675","71.8141010994","156.144878983325","65.61717425955","93.7809068148","85.99632752525","76.802514299375","140.010787266425","168.535839151125","80.138410352975","116.532136957025","103.628327300625","72.64320670725","194.795311346725","105.60048225585","140.266649687725","213.97641953635","161.95013693635","162.89307268765","50.16897990905","192.03418060615","230.456850106325","146.762940204975","97.73232788195","128.92340438435","202.363306718425","195.805327457725","95.806787690575","194.55852254045","123.2490181793","186.555683125325","138.05687843825","140.310762847675","170.04022662305","138.70934811115","78.488587284225","223.632249626325","105.87249577225","205.717163830475","185.445626894275","179.584576460275","137.1848113421","225.880129180925","92.18227561745","96.428556993125","120.44157742025","59.7017374165","248.529806397975","112.272762169725","130.559479136575"
"prec","5","34.578660763125","25.0615015349","17.592498143575","51.23172815575","12.704294318575","0.2169303488","11.0636299725","7.198829075625","27.908081917925","104.537576281975","61.75052379015","0.514930939675","6.438721485375","30.221760855825","77.8349152502","66.837492929825","31.561240242175","62.183450991075","2.3049783782","56.695020273425","1.576995062725","9.6794572322","2.1597555043","22.14491107525","1.294954928725","3.160816401325","12.62997660975","9.19809042035","6.9554219653","14.932684381425","4.3787332446","19.238136636475","0.943700812725","0.5444484353","6.313936768","1.744404105575","2.81100423845","1.792062038075","16.895192077675","14.09937242245","1.867540101725","6.19466033145","7.117517377075","8.84412187925","37.5779381611","28.230839964575","40.201792344125","19.940786864975","10.0556573137","0.0757278204","2.506926760125","21.64902769055","24.722383169975","10.17846941825","0.889714296175","14.119096653525","0.728707015525","6.36146634515","3.45379108345","2.897217074","53.224552101075","16.8677028745","1.635876065825","10.402228082675","4.20785628345","1.0261934638","21.3369907010375","5.3072785826","5.873950975675","76.576498873225","11.969174386575","23.057239129875","0.513495880425","51.4621272372","75.73674420415","9.16930778395","12.07971257425","12.27735514","19.537902785","52.72795483745","9.681299478325","21.7675567722","3.9089120654","45.128356951075","3.46209413185","19.53607070575","28.772216287375","14.338924986","1.0693701207","82.559414837225","6.618198729275","46.931871071725","26.097756469175","46.2252486407","14.064115416975","69.72379483895","8.741926436","6.976216718675","3.742995396125","0.1545475304","99.94098680175","5.773419767475","15.4138830733"
"prec","6","0.64054302245","0.3315047389","0.017734400425","1.501075686675","0.027674720775","0.003387946625","0.019553618125","0.03811627765","0.54013885305","0.5142603867","0.9845210728","0.006718811775","0.01361612225","0.493037681325","0.234156828375","2.551981331","0.3136786595","1.63375712875","0.0106159476","0.3055548","0.019677838175","0.076222212125","0.011330030625","0.607095528075","0.0167420738","0.01099934025","0.0280212978","0.121991682225","0.44498199375","0.021591406875","0.01279661035","0.0392834121","0.005785401","0.007786180675","0.014609443","0.010198626375","0.010819095375","0.007598405525","0.019689902525","0.279182280475","0.009654402275","0.01413382875","1.034340129675","0.04559643305","0.935005233425","0.040090085925","0.412063383525","0.0494941997","0.018806219425","0.0028986494","0.0116149169","0.087564550875","0.11674622275","0.0197870858","0.008312255125","0.025582480575","0.007047906325","0.01534077765","0.03701444585","0.00950646345","0.14565548215","0.031769635475","0.009959284025","0.02015713345","0.012977559075","0.006611483575","0.447681521525","0.01589635735","0.2462479565","2.519386374375","0.456689383575","0.796939648325","0.0045974914","2.05138239185","2.2552253333","0.09458715405","0.0431242897","0.02709798335","7.42901574055","1.16795774825","0.020018817475","0.08541450565","0.01490478825","1.440513722475","0.23578496385","0.0342348196","0.511605715625","0.01639884695","0.00511762745","5.4606084766","0.013798009625","0.77180278865","0.461568808575","1.63152507985","0.01686332555","2.483728189075","0.0127233647","0.01580794935","0.014119716775","0.0046949312","3.034579613275","0.014371492975","0.0515249342"
"prec","7","0.042255951775","0.03460534445","0.00013508325","0.19370582315","0","0","0","0","0.03738281115","0.006996133025","0.09432288385","0","0.003467416","0.052741948625","0.29372594815","0.138212165075","0.1046192659","0.20535888625","0","0.0265304588","0.0017464364","0.087081870075","0","0.11466303745","0","0.00142326905","0.0047557678","0.001750030075","5.5565101196","0","0.01092717425","0.074840717075","0","0","0","0.0013385485","0","0","0.0033102613","0.172519037875","0.00099378545","0","0.23704875705","0","0.206541024175","0.030449470275","0.3368041197","0.00126936295","0","0","0.000152563875","0.0553390763","0.0680377221","0","6.5265e-06","0","0","0","0","0.00109240395","0.014781346075","0.014276465025","0","0.002098577725","0.00258765615","0","0.0158819045","0.09607110415","0.006876699775","0.096513346575","0.16186059955","0.15258060975","0.0001179899","1.058197331125","0.149610967525","0.1003357835","0","0.034765944825","9.714968240225","0.1422316069","0","0.130008344775","0","0.1167166473","0.162320731225","0.0107880327","0.093221461025","0","0","1.712512495375","0","0.17200046315","0.0530396782","0.35156443935","0.004869144175","0.193079967","0.000567596125","0","0.000254869175","0","0.28400868215","0.007059481975","0.000269108075"
"prec","8","4.0441422441","2.78964509845","0.424442397625","1.1948127467","1.97918382295","0","2.3044114866","0.388863613825","1.073268092425","0.152276971175","1.03067627025","0","0.0249299211","1.381433987475","0.76430449605","12.5941334535","1.41979784515","2.969957208075","0.01979892775","0.040733203675","0.11670255065","0.4014097527","0.002777816175","2.51218712145","0","0.892132633","3.111249744825","4.893430205675","7.0084459699","0.623246583625","1.19450938365","0.329414160475","5.4558375e-05","0","0.502915150675","0.14283223165","0.302337887225","3.739255e-05","0.1731034267","2.408582577525","0.0461912856","2.313461118925","11.750417300575","1.93948823635","2.173020007875","0.141160898275","5.95571056755","2.12317528685","0.394788863425","4.065531e-05","0.00597013435","0.409938881575","0.356534508225","0.2746671905","0","0.358126072175","0.018477031875","0.302139523025","0.255797610425","0.016332398825","0.312654962275","0.187530719125","0.01364260615","1.311047324625","0.15210392625","0.016746399925","0.6398779195","2.30153850005","2.446206319325","4.27538604845","8.898741807075","9.4760363575","0.00186297595","7.80204675155","2.4358657246","2.611554585575","2.10922814725","1.91426011605","7.5145284466","2.257937819925","1.499655282825","0.471228466225","0.00825011765","5.38972286175","3.4215903471","3.36788732225","0.927431363825","0.491460343075","0.00833565275","16.2541654341","4.117958635925","1.084683236125","1.825541086675","5.65292892545","0.1988884798","2.67299538325","0.0171627857","0.211055521725","0.364812159525","5.2810225e-05","0.861707913175","0.360382139675","3.1175358203"
"prec","9","24.67273492565","23.986635044375","8.0008329777","11.381659105775","37.615282515675","5.28752287585","40.7768263183","25.772266468625","18.80830985775","10.33513129935","8.93447893935","0.30794525465","4.08549340865","24.3169906139","8.1198754833","59.002905279525","15.50446264015","43.706714183625","8.014262107325","9.0263666459","17.11929388445","14.58974547655","0.660230989525","38.1029942842","3.50180362285","28.243610494675","43.868303850525","32.714685297","49.7240771675","45.634587638275","28.098577013475","8.911802320675","1.682022433475","15.23559271805","28.907600110625","23.958902912825","19.931819284175","0.70662244555","13.959368105725","43.442389219125","2.059763281175","28.241305992675","54.508785251075","35.34914968505","39.193607847575","2.3661117739","10.058331462725","33.613939598375","29.54865386685","0.424123020475","13.78351293015","5.829474387725","10.102135638975","17.41630411665","0.94853092945","1.229633936675","9.73601300685","19.9321823527","22.2656812117","6.930482368225","12.12124508195","14.715653544725","0.6314578694","42.485734321425","17.160517167925","1.226216861575","13.328342867125","27.571717823725","38.732382769475","37.112078378525","39.524496281175","25.739510485325","0.911991887325","54.565118073075","32.145257559725","44.672379121275","36.978221968325","44.989344076","4.61266208885","39.105707868075","31.9518316494","2.3751331786","1.72208437735","31.906655311675","46.259212326525","48.653777732625","24.382386435925","5.99714089985","2.4309123732","77.5672913505","41.649712610825","21.878452926075","21.19735699305","46.829476512425","17.29323400745","21.51090474035","1.669862409125","13.452062911525","22.915971077325","1.934229818","31.224435919225","33.5878791568","64.025926889625"
"prec","10","155.553828183175","110.393363643475","146.018741905275","105.975710398425","118.387339705675","1.492808062175","141.998860940675","116.76021270695","107.394310951025","132.97738076215","102.559486655","37.3800028366","124.2944637484","100.9377082806","95.961571774175","143.34912990485","95.429924562675","134.1835869582","81.29857982475","71.560050228225","92.086846196625","104.0538432136","52.7233317744","137.557368911125","93.525791747825","104.7648598256","114.960202453025","140.527690511","146.4481929584","155.8860460429","90.4278237363","81.14210083075","28.87794972715","71.038846529425","97.693221456675","89.20589462255","91.8679104379","71.25771225445","139.695768795475","147.70629528675","81.457696996175","119.6765471358","143.7107980284","110.9142439977","154.016545624675","70.753856415925","82.047031814125","175.463571752225","136.028283830575","22.562796362625","105.841912769025","87.680876543125","84.986467666025","130.794008956675","31.61918241815","64.018878886725","55.8801077386","108.2005160455","89.9040195929","64.016986206","77.8805209698","126.369523223","57.146556514175","139.213458954","143.56665732595","57.4992201594","99.06455858575","134.651549073375","144.06441251305","144.46132665645","134.80335335745","151.325105332625","37.3515056291","165.19283061995","135.57845234975","163.104328351925","133.65298875085","147.55472206","99.003970161525","131.054423409375","130.370303506475","79.276956570375","55.0577119223","136.161595517025","150.788778386075","170.156798364675","116.65215652905","121.65163201025","59.5166552419","166.217848305575","135.6552856127","114.236358033375","113.589893249125","145.081317186975","107.962511217375","120.921579559275","87.6631715907","108.339877165675","116.5041756967","56.63930409295","160.09041828985","186.106717122175","193.78600571775"
"prec","11","229.248409253275","186.60032818025","146.950270819125","214.663822164475","195.1938285839","40.467146429325","183.5621306843","176.601771991075","212.9381443162","245.365275905375","198.840447588875","66.27153865195","156.202367527875","217.5417989882","225.4425347605","221.742706827875","206.544231896225","214.240084332275","137.638438313375","158.460779498175","144.5082350446","146.48170891655","120.647258729075","213.69705057275","125.41632430445","165.10485606655","185.2934673171","197.592428182775","199.786840980525","179.911061944875","148.8938047657","176.71094315445","65.82928776475","120.695890376725","170.316993362375","140.29600909485","157.656657458775","117.3430554208","160.509781700775","197.086421309675","159.4314343617","174.04187592495","182.452927651375","155.109953873875","203.8748344345","125.940726698725","203.786549522025","171.994531837625","171.938193051925","54.2006895039","166.51035043235","168.154105760475","180.65219609355","175.537058974875","59.8194378662","97.050639487925","120.289326764175","169.994786396075","173.330395740125","111.115673979975","188.857690332625","157.0701702489","57.504338942225","180.926185621525","152.515468582","100.241954417875","178.989409806575","164.3996120117","181.066135937975","222.57351361875","185.75680395755","215.1463381569","80.68646852585","227.3565804886","209.166452144125","209.5644433668","167.27924872015","176.657193670375","199.247623541775","200.95960911575","177.456882018","161.336380324375","71.52873783475","207.743952095575","185.8782547695","197.57011587155","202.6187535285","136.2485497222","107.595454876","208.76888095455","197.1312127158","218.8716375851","197.986194341175","218.5539268315","161.910654913775","212.262866146575","76.6766025589","162.351254406075","154.231360092225","85.217020432875","266.791659883125","163.466917190875","210.718022084825"
"prec","12","192.974359137425","177.845865644775","134.0876879038","162.161636532925","222.982614348375","31.679176766525","203.0572211444","186.58398455365","141.08893690635","232.343118258425","159.364900927725","63.0064857975","147.205725371325","149.2633457112","200.315524394025","220.784932268075","129.982733193425","209.452596933625","193.075234775475","144.2604894619","180.745283581075","125.37738488565","114.2678319458","160.465529787375","157.61676219125","215.621298478825","159.60849150955","140.4157783008","170.054488952275","176.36595970355","217.5287572472","99.42532346365","98.7871910874","153.63343589635","225.339393906875","186.0934463904","188.91494847615","102.923265253425","131.54371921095","165.3199477753","156.9581199272","217.10973579805","157.742390110125","234.59114129805","178.9648697123","86.41447364425","115.368534738725","138.6398022983","215.103943391425","85.69869049925","189.5910641871","99.955222306425","116.982934149875","218.973385178325","85.274826764825","62.1331900262","151.145386279175","211.070127997075","236.587407296575","167.939247882875","129.593662254825","115.7659819743","79.655133271225","205.26974585195","192.712779716025","111.751026708","129.551668780725","168.676188788125","111.259871058675","218.148702765725","169.09747999325","164.406262328","105.135432936325","227.387458832975","203.4561631096","183.959847613625","209.215262121525","154.601085356225","131.34062661445","199.19658622265","216.22454105345","89.7182018627","75.42187803605","201.84610647415","158.190684100075","158.83392429815","163.875416414175","102.171063208825","116.530972936925","229.5368281523","208.83199415555","167.2555792378","155.0454519437","211.9062872549","118.79429943215","185.208562538225","73.68595584715","212.8600678194","193.31012513395","127.094024902975","219.514237107725","194.127416836525","168.025138625225"
"sol_rad","1","19.4938809346774","18.7827326854839","20.0449829907258","17.9628874548387","18.9056962754032","23.904405657258","20.1608045967741","20.0641175564516","18.8348967177419","16.4985356858871","17.7209597379032","22.2927689814517","21.0251324451613","18.5648042185484","16.4380617979838","19.2802192870968","18.5808902620968","18.8764167112904","20.8600939870968","15.6993177604839","21.4711161314516","19.9083274233871","22.2566235366935","19.4399970282258","21.9221593943549","19.5814845524193","19.3954898008064","20.077318058871","20.4329571596774","20.1525957782259","20.1009985895161","19.4103791850807","22.815562401613","22.1537246677419","20.3176398854839","20.9038050895161","20.3146280887097","22.7127856455646","20.5334027903226","19.2999509080645","22.0194970508065","19.033604575","19.9478050096774","19.8336160024194","18.6685531145162","18.4865016137097","18.6154803217742","20.8153622225805","20.353589426613","23.2818794818549","20.9758921366936","19.0644844737903","19.1927944487903","20.6221032733871","21.6422130951613","19.4011632745967","21.7259656052419","20.5499012899194","20.2361905443549","20.7539679669355","16.6394085870968","20.3026784560484","22.335805792742","20.6069401241935","20.5221154846774","22.070063476613","19.3239487782258","20.1459780201612","19.7075681072581","19.0360814129033","19.7308543217742","20.1735367306451","23.3659640274193","19.488718516129","17.6935710052419","19.2974536129032","20.3193070241936","19.845257507258","17.9298423540323","18.8434344435484","18.9986387362903","18.8486178608871","20.693507016129","19.4851803887098","20.2083300903226","19.8792667068548","18.5786948193548","20.523168292742","22.4606892318549","19.3162233201612","19.0518088032258","18.2571372241935","18.952196167742","19.7312827185484","20.3313229798387","17.7694394036291","21.6556164943548","20.6763384951612","20.2658743907258","22.7226090879032","18.0783128358871","19.773970803629","20.5504494423387"
"sol_rad","2","19.9856164795874","19.4054328181959","20.1901698879464","18.6826620909482","19.3954462985529","23.0859404691811","20.5870137737377","20.2567095583127","19.5393604938423","17.3452022445812","18.6024874465209","21.8443243579279","20.7961956232912","19.3234863170567","17.1610340073738","19.7939069629926","19.354233200862","19.50294836133","20.8692519501693","16.3104868547721","21.1222834604834","20.3348746745382","21.814101080311","19.856008441287","21.3330032698738","19.5699141456589","19.6667021763547","20.3439732685653","20.6060897167488","20.3554216261853","20.3056602632697","20.0665734431343","21.8653593054187","21.5000128239533","20.5518837340826","20.6642996694581","20.2095496081589","22.0361869267087","20.7351673365764","19.6173893542796","21.7376766895166","19.3580799247537","20.3446057284175","20.1670189602524","19.3164472162869","19.2172081949815","19.3530469589286","21.0517196777402","20.648312985391","22.0938091551109","20.8423291039255","19.770592035314","19.9097082008622","20.8256172187038","20.7868083237531","20.0093767466749","20.9072954064809","20.7034216433805","20.4122724827279","20.4080169503079","17.0138608216287","20.5176881809422","21.9633143932882","20.7765625636084","20.6221557334514","21.3383046176416","19.9961656883312","20.461236596675","19.9803031278941","19.6355379830666","20.1422047458436","20.4699753039409","22.1739655213054","19.9527591045874","18.4987982050646","19.7415917638239","20.6007775744766","20.3982789464901","18.675510495705","19.4924267289102","19.5356292313731","19.6390371182266","20.7891791285714","19.9705438287561","20.6386687831588","20.1606845936577","19.2773363987377","20.6714999530789","21.6478599502155","19.7148798639778","19.4816287721982","19.0188277100677","19.5965149716749","20.1611563432267","20.4135315146552","18.6005264280481","21.2974873145629","20.8700450540794","20.3340786918873","21.7783606705511","18.9488266977063","20.1281562609606","20.7739152711207"
"sol_rad","3","19.5975844532258","18.8585645108871","18.4856871625","18.6380222657258","18.6477191536289","21.0584250758065","19.8402768967742","19.6234143625","18.7319689104839","17.5587290471775","18.8074893209678","20.0143723354839","19.3117313895161","18.6617135883064","17.4495343060484","19.6090612427419","18.7162342544353","19.3463366241936","19.9224644596774","16.6670919358871","20.2016193520161","19.4190909951613","20.2254314887097","19.0961770104839","20.1721459254032","18.8781290524193","18.7636887491935","19.5415041862903","19.8065300161291","19.5153959786291","19.6819545120968","19.0810367616936","20.4481344427419","20.3089084491936","19.6407586653226","19.8610678556451","19.2950888943548","20.3373296653226","19.1846140818548","18.9765212274193","20.5054910145161","18.6306909967741","19.6605389120968","19.5336251580645","19.3886655645162","18.7166009612903","18.9187719987903","19.7192720923387","20.0240358645161","20.7980468338709","19.881695416129","18.9899017975807","19.1106582790323","19.8795697298387","19.356312319758","19.0425013040323","19.9703213725807","19.7019707379032","19.6863286435484","19.5714147681452","17.3062129907258","19.0211828201613","19.8941169451613","20.0342959838711","19.8565105229839","20.1822114612904","19.163096891129","19.5624701475806","19.1998907854839","19.6376089548387","19.4088599717742","19.7318848822581","20.7472333467742","19.5156558129032","18.7102239524194","19.0608245153226","19.6064853814516","19.7418223661291","18.589185391129","19.039890491129","18.9856340741934","18.7621872012097","19.2596339637097","19.6023455967742","19.8666801758064","19.0177563205646","18.6285898237903","18.8842202854839","20.2435039120968","19.5162983991935","18.694082625","18.6455399568549","18.7786551197581","19.8895093548386","19.0264600798387","18.5761816866935","19.1469802282259","19.8662045774193","19.6145462487903","20.6306257016129","18.7805809225806","19.5374295225807","19.6405536245968"
"sol_rad","4","18.5889610233334","18.1192667058334","18.3712283083333","17.42883525","18.9975210316666","20.9276934691667","20.0422680824999","20.1065294266667","18.0038254275001","16.09702107","17.5324304854166","20.3684936925","19.6222441208334","17.7981297541666","15.8493657779167","18.4229309225","17.91508131375","18.3747084908333","20.0590470733334","15.36115359","20.4053941633334","19.0948061791667","20.63727479","18.4657774654167","20.5048889466667","19.3139342058334","18.722752195","19.363633","18.9712802883334","19.8558926491667","19.9540951808333","18.3910862916667","20.4831424083333","20.4761086291668","19.8573985216667","20.12618486","19.6734646883333","20.6220595908333","19.1957128991666","18.59280265","20.7833229816667","19.3291424549999","19.1280224333333","19.7737773983333","18.2139761625","17.0507464416666","17.8720991791667","19.5577124216667","20.1639944116666","20.5879872916667","20.3391253175","18.1203215183334","18.3718707133333","20.0511382525","20.1620148316667","17.45311224875","20.3373632958334","19.9505419891666","19.8613194166666","19.8336963441666","15.995671728125","18.6570082374999","19.5673344258333","20.1740051916667","20.2595425158334","20.8510791475","18.6091181866666","19.5836842866667","18.895300665","18.4455809216667","18.5122187299999","18.5099760466667","20.5243185616666","18.2791017008334","17.75951349","19.0827953391667","19.6972295025","19.8063241275","17.3169499608333","18.1216706875","19.407870105","17.5448818745834","18.47736008625","18.4950215591666","19.5313771874999","18.9940997383334","17.8449525941666","18.246364545","20.7865954854166","18.4946286025","19.1030808016666","17.5621444241667","18.2155181070834","18.6784166958334","19.1506761254167","17.3171176479167","18.5106662891667","20.084475815","20.1135858466667","20.5777656325","17.6701408158333","19.9902956683333","19.6375505483333"
"sol_rad","5","19.5888176524193","18.9666139443548","20.3455758548387","17.4927060911291","19.99161265","20.2720041887096","20.6122117774194","20.4990412838709","18.7482805842742","13.8596450669355","16.9819052241936","20.1911470258065","20.0928477064516","18.486538682258","13.51431775","18.9082336387096","18.6093618923387","18.8434258120969","20.2501618975807","13.8192054560485","20.2944928024194","19.7110100725806","20.4129527879032","19.5602572701613","20.2679972596775","20.1151684540323","19.9311414443549","20.3105565201612","20.0150324040324","20.3717590975806","20.6851058612903","18.9453636935484","20.0373265282258","20.1254818967743","20.4417141379032","20.1028057354838","19.9923586862904","20.1734135637097","20.3690515580645","19.90985455","20.4677960661291","20.073421125","20.1295333959677","20.4977367137097","18.2743217975806","17.1971864725806","18.3998831729838","20.301713716129","20.6624585193548","19.885320507258","20.289254941129","18.6648752169355","18.9550416899194","20.3904544943548","20.1116400717742","18.0397724209678","19.869869307258","20.3768161451612","20.532749516129","19.8263263637096","14.5151666596775","19.8276891701613","19.3621871951613","20.5716363637097","20.500051167742","20.4048703145161","19.3248662709677","20.4431334314516","19.9846298661291","18.3793481935483","19.7372935451613","19.6675300750001","19.7582584137096","19.2273830596774","17.8292446096774","20.278798801613","20.3565043637097","20.6120703491936","17.5342771725806","18.8250611137097","20.3554040008065","17.7360186975807","19.2153136774194","19.1709110717741","20.4326542008064","19.8533496580645","18.6543493137096","19.7585530677419","20.3106517459678","18.9015213290322","19.9251992225806","18.0949892592742","19.1007028508065","19.3756534838709","20.0411326943549","17.2912250669354","19.3587516104839","20.4337409637096","20.3719399556452","20.0201357750001","18.0689600701614","20.4583186080645","20.2114046725806"
"sol_rad","6","20.0259780858334","19.8994516633333","20.2623121366667","18.4753264108333","19.9593149041667","19.0019505075","20.2482602866666","20.1464463425","19.5520855541667","12.3370645887499","17.8072774733333","18.9973331608333","19.8849340908334","19.3456093866666","11.6066100270833","19.5029003208333","19.3787626108334","19.447946485","19.8326091633333","12.5113268816667","19.7393111608333","19.9689258791667","19.5719661325","20.0849873775","19.5935191258333","19.8826298666667","19.9783949358333","20.2521794325","20.2118494066667","20.1724029458334","20.2860983258333","19.2801199325","19.30286099","19.4252570083333","20.0950186925","19.5825877508333","19.7580583391667","19.3379463658333","20.2909550041667","20.2258598141667","19.7038232216667","19.9595459533332","20.2539102633333","20.3129720175","19.0975768666666","17.58778856","19.33500524","20.2962093483333","20.3096942116667","19.0365878008333","19.645253565","19.2123141541667","19.4627645025","19.9506986925","19.4944658875","17.8968151475","19.2812701341667","19.9576812624999","20.3448562266667","19.4968133641667","13.2086936525001","20.1581629899999","18.0657408991666","20.233274855","20.0215268433334","19.4639780083333","19.95490407","20.2211982116667","20.2680982433333","19.0573616941668","20.2268177783334","20.1493547783333","19.0762769875","19.8863010375","18.8235858558333","20.4037553225001","20.1417264708333","20.4223686416668","18.6951701891667","19.6507605891666","20.1894538958334","18.0494428616666","18.105029235","19.6920641133333","20.3889319791667","20.0091761941667","19.6474844716667","19.7927957858333","19.4620374875","19.6847165724999","19.9224502466667","19.1159780341667","19.9367627958333","19.7840268316666","19.9319331916666","18.1236837191666","18.7599233841666","19.9519165458333","19.9490666491667","19.3038255275","18.9076116241667","20.0375456541666","20.1179865591667"
"sol_rad","7","20.3865389266129","20.298937941129","20.6332198024193","18.8507895741935","20.5212505120967","19.0834173298387","20.538696641129","20.4821429395161","19.9046022427419","12.143445269758","18.1688446846775","19.0727567983871","20.3555073266128","19.6441729516129","11.3418528483871","19.8257246419354","19.6754934120968","19.7170801790322","20.269722175","12.0559650495968","20.2084877080645","20.3906039104839","19.8722245008065","20.4700838596774","20.0883050991936","20.4896959370968","20.4592838411291","20.6522227967741","20.7206594725806","20.600099266129","20.7756045975807","19.6272610524194","19.8367978653226","19.945110991129","20.5574739943549","20.0379627645162","20.3382508782258","19.7014129709677","20.7469092048387","20.736053026613","20.0833547709678","20.5366562306452","20.6685097596774","20.7498799209678","19.6316281330645","17.3566381435484","19.6647604330646","20.760089391129","20.6798397693548","19.625245991129","20.0025696846774","19.4925519","19.7357079862903","20.351421458871","19.9778891959677","17.6050741491936","19.904684457258","20.4183259524193","20.8488085943548","20.0967583145161","12.9536314193548","20.6947366064516","18.1608289564516","20.6646942967741","20.3612737983871","19.8980619153226","20.3125458185484","20.6916735733871","20.6928049491936","19.4919412548388","20.723257682258","20.6605906895161","19.8010136508065","20.3145103314516","19.3435973693549","20.7617356072581","20.6287848064516","20.7334818870968","19.0999580935484","19.9948202395161","20.6827218241935","18.1001767201614","17.9845667854838","20.0601914806451","20.7842087241935","20.4885003241934","20.0587615596774","20.3069938725807","19.9206604661291","20.0951280379032","20.4735967072581","19.4945975467742","20.3298132911291","20.1660131556453","20.375231119355","18.4395977669355","18.9059120483871","20.3582678790322","20.2872452112903","19.9087354185484","19.1586982153226","20.326197341129","20.6146292645161"
"sol_rad","8","20.1706080395162","19.6431836362904","21.6223062419354","17.8890792495967","21.2542734838709","20.8673684056452","21.3003629629032","21.2691606725807","19.4769851600807","11.3372681766129","16.7818410326613","20.7081657685485","21.5947961064516","19.0218796366935","10.774489996371","19.763435742742","19.2316772584678","19.1973478830645","21.5231504419354","11.6198581116935","21.7110897201612","20.5859062846774","21.5080089862903","20.2447446145161","21.7646416040322","21.6544389919354","20.8928540814516","21.1382754943549","21.006722308871","21.3608915693548","21.880758983871","19.7360341048388","21.8174151532257","21.7544312814516","21.7330429612902","21.4386120766129","21.6837355169356","21.4020950991935","21.6254683048388","20.8740364153226","21.6057980145161","21.5518568508065","20.9570893717742","21.6478739895161","19.1710350637096","16.5834361802419","19.1113870754033","21.4673713048387","21.6032998129032","21.6923368435484","21.3312522395162","19.3326840951613","19.536800991129","21.5144920274194","21.9203010572581","17.4752318120967","21.7506994879032","21.6599347225807","21.9291809475807","21.5824161056451","12.8878146112903","21.1864046548387","19.9288557774193","21.5905080564517","21.5031166443548","21.7549279072581","20.0869028459678","21.3980735951613","20.8747746540323","19.4139035064516","20.9386735951613","20.8901226943548","21.9105057193548","20.4495955354839","18.3827689330644","20.8398443024194","21.5328270903226","21.1477746604838","18.1622926193549","19.2980944959677","21.433229841129","17.8727424701613","19.3285187919355","19.7614553709677","21.1753646161291","20.9702956467743","19.4994860633064","21.4404585266129","21.6072481653226","20.2812124459678","21.2663446717742","18.8105741866936","19.8905868637097","20.1394848540323","21.2302733008065","17.388547728629","20.0782280475806","21.5699615830645","21.3086711580645","21.8604966491936","18.1807286403226","21.191931857258","21.3852753879032"
"sol_rad","9","20.7379011566667","19.4090528091666","22.0203539675","16.8396520816667","21.4380728458334","23.2351524483333","21.8583759425001","21.5128014233334","18.8515667233333","11.28873075875","15.5009119758333","22.699348915","22.4107424625","18.3959631525","10.8642287675","20.3147393758333","18.3507731374999","19.5938016858333","22.716571915","11.6433796425","23.1793177766667","20.63774044","23.3021589999999","20.3824186658334","23.3952375550001","22.397750825","21.17510682","21.4931812475","21.6968919225","21.5176145775","22.5801516616667","19.3620881883334","23.9601702775","23.6414494183333","22.719753925","22.8710718758333","22.9397002308334","23.2303526975","21.8686476216666","21.19621469","23.0180717525","22.1601056516666","21.4233508","22.2458528766666","19.1130996508333","15.5720844320833","18.0030099141667","21.5864768966666","22.2023832641667","24.0311774341667","22.35847911","18.5161922708334","18.8942903883333","22.58593494","23.8345860608333","17.0395542891667","23.803705345","22.7855083208333","22.7409159933333","23.1270794408333","13.2747637279167","21.0469702141666","21.781034445","22.0547516291667","22.4283489783332","23.5567423933333","19.5797695925","21.8542435908332","20.9848343391666","19.5965992708334","21.4323782383333","21.6374227875","24.3455253225","20.9883683274999","17.6370359875","20.9124032316667","22.172729145","21.2225112575","16.7556570391667","19.3300726483334","21.6765305733334","16.9805201166666","20.5105160970833","20.3870866275","21.573082455","20.9129753258333","18.8644903158334","21.6586601899999","23.2191879566667","20.7424881733333","21.6166902725","17.9605656325","19.4488998191667","20.8527525616666","21.5403424516666","16.7059089791667","21.4041245475","22.7046507808334","21.9150297583333","24.0569543533333","17.8700238366666","21.6605230025","21.6417248183334"
"sol_rad","10","20.6252078983871","18.7496639008064","19.304138658871","16.4127364237903","20.7559323032259","24.3205494927419","21.4709019524194","20.819651758871","17.5896667524194","13.3958679625","15.5540547358871","23.1394675637097","21.2422843064516","17.4141097802419","13.0221172068549","19.9294413112903","16.9095243169354","19.2882846451613","22.7766982201613","12.7840584495968","23.3020324088709","19.4817560798387","23.6270240403226","19.9884313395161","23.6015494701613","21.7791435064517","20.5786198048388","21.1595190604839","21.7083059056452","20.5331130225807","22.0804497451613","17.2335791967743","24.5912527395161","23.9055079403226","22.3472654580645","23.0094076","22.6145555443548","23.8584553943549","19.9178352411291","20.8396214362903","23.1433576475806","21.3184553096773","20.908908148387","21.8227975137096","18.7176807056452","14.4610202951613","16.7708392451613","20.2728630379032","21.8613575540322","25.0237983064517","22.1224665040322","16.6229825959677","17.1882614572581","22.5351703620968","24.1417246604839","15.3667328745968","24.1975232685483","22.5808584491936","22.3630531540322","23.3259095370968","14.5264029040322","18.9271576475806","21.3721183927419","21.5969443741935","22.1873346733871","23.9721630435484","18.0527176112903","21.5687755056452","20.4209948991935","19.1371704072581","20.8453198314516","21.4173502870969","25.4234367580645","20.503752275","17.2150151314517","20.4103126459677","21.7509550806451","20.8398590879032","15.8769420318549","18.9061471508064","21.0562240346774","15.1674857504032","19.0397968524193","20.2803877032258","21.2435527943548","19.839730076613","17.8075028532258","18.5614836588709","23.7599529766129","20.2846807137097","20.9397686225806","17.0800390762097","18.3383562846774","20.7434372016128","19.9936123653226","16.4454672145162","20.2488878733871","22.630337575","21.4341963620968","24.83707405","17.420614175","21.1315777701613","20.8552028129032"
"sol_rad","11","19.6007500966667","18.2643786825","17.7125926883333","17.2305112808333","19.53010628","23.9138801433334","20.3797688691667","19.745557115","17.6952837683334","14.7815060516666","16.7648035275","22.0862368841666","19.8390001733333","17.4496669783333","14.6821262","19.1047347158334","17.4033171720833","18.5660047041666","21.8166344949999","14.0645309847916","22.4751921608333","19.1460300291667","22.1810391275","19.1290849591667","22.7217628725001","20.7298932516666","19.3622053566666","20.0810964991667","20.5990630666666","19.5241600508333","21.045509875","17.9056515975","24.1332148375","23.1841512041667","21.19270453","22.161994035","21.7228641249999","22.7330898191666","18.6807699016666","19.4757991025001","21.8967619770834","20.0331832091667","19.8709503091666","20.6362591416667","18.43875503875","16.3384779987501","17.5742783991666","19.5449847216667","20.83506853","24.8433030391667","20.9308100945834","17.6640216383334","17.82938014","21.4573506133333","23.0913789025","16.7966222545833","23.3686270825","21.4790579425","21.23010239","22.4143823158333","15.3726754006249","18.6979768408333","20.7827568291666","20.6513908091666","21.08370691","23.2016920633333","18.1898804966666","20.5599088108334","19.4158928791667","18.6498168933333","19.6293827558333","20.2941137391667","25.0808945333333","19.4421437466667","17.3977312266667","19.1514112525","20.7197590016667","19.72173009","16.928420525","18.3589340866666","19.7819393366668","16.8486907745833","18.6350479283333","19.4258596725","20.1234533775","19.0895522725001","17.7181463983333","18.0172192116667","22.998453095","19.4372156575","19.8508708475","17.3625231741666","18.0141419583333","19.8158905475","18.8496660916667","16.9639434204167","19.3191949516667","21.5122256658333","20.321865735","24.40299145","17.2838784670833","19.9582002991667","20.0006992933333"
"sol_rad","12","19.2974907306451","18.3441602479839","19.0640805056452","17.4153949830645","18.7220765838711","23.772499467742","19.7128740790322","19.4112880362904","18.1142484895161","15.2940480040322","16.967269342742","21.871975196371","20.1999021451612","17.8332259149193","15.2033502403227","18.9007204733871","17.7791865810484","18.4716475387096","20.8787097991936","14.5110684241935","21.6862108084677","19.4704821887097","21.9331110141129","19.0586458991936","22.1372481721774","19.6019479814517","19.0073172032257","19.7922495620968","20.2967778129032","19.4725897056451","19.9733768927419","18.594064641129","23.6152035387097","22.6272979403226","20.1388940580646","21.1503517540323","20.4127382911291","22.5529894217742","19.580346521371","19.0620300935484","21.6118184145162","19.0148114129032","19.7146655629031","19.5773480145162","18.2191336758065","17.3159583391129","17.8655866814516","20.0628419016129","20.1270239201613","24.3363820782258","20.540531346371","18.2024054181451","18.3707898637097","20.5420725379032","22.3944854483872","18.1653460689516","22.509220275","20.4992426024193","20.095556948387","21.1614685080645","15.7304708290324","19.4713356612903","21.4793653475807","20.1827471459677","20.2975440435484","22.5207054076613","18.6423690455645","20.0036833951613","19.3193767919355","18.500596408871","19.5203273274194","20.0569833185483","24.3933095540323","19.1771314387097","17.2373624568549","18.8481655620968","19.9896425306452","19.4243488346774","17.2241026717742","18.4036629076613","18.8911475016128","17.7229135846774","19.8673767290322","19.242444825","19.9250686016129","19.2775264911291","17.9631686681452","19.5439476862903","22.5779219620968","19.0959934758064","19.0416404903225","17.6167339157259","18.3559903278226","19.5466441145161","19.502294175","17.1466480991935","20.7734812814516","20.5905613959678","19.8229523177419","23.675316766129","17.4502816451613","19.3084884032259","19.9578742149193"
