"year","month","gt_00001","gt_00002","gt_00003","gt_00004","gt_00005","gt_00006","gt_00007","gt_00008","gt_00009"
1982,1,23.2263831354839,22.8162800458065,26.7796894693548,24.2967468258064,23.8921280403226,20.8744731287097,24.4538493493548,20.0611914858065,23.2263831354839
1982,2,23.6245819096429,23.3196350096429,27.4317565917857,24.7826455253571,24.4966696596429,21.1828519553571,24.95055651,20.2588189260714,23.6245819096429
1982,3,25.8457629793548,25.649444383871,29.4836295825806,27.1262904016129,26.7235952080645,23.3060852041935,27.2975609564516,22.4060489770968,25.8457629793548
1982,4,27.95961202,27.7688873286667,31.1894795736667,29.279259237,28.718491618,25.417355347,29.4921010336667,24.6398386636667,27.95961202
1982,5,26.5213355283871,26.5343734245161,29.7819280806452,28.0744804135484,27.5097142380645,24.2349428245161,27.9776510912903,23.5835047567742,26.5213355283871
1982,6,25.0230906173333,24.8962758376667,27.629931641,26.4696807866667,25.523794556,23.00900472,26.3609018963333,22.5238382973333,25.0230906173333
1982,7,23.8287617341935,23.2657882196774,26.6254900532258,24.8668338893548,24.6805181677419,22.0317941980645,25.0362044796774,21.7086524219355,23.8287617341935
1982,8,23.9192099287097,23.2394485970968,26.9373048854839,24.8621499335484,25.1007393132258,22.189982556129,25.03828755,21.9959685287097,23.9192099287097
1982,9,23.2535034186667,22.341147868,25.252716064,23.958228555,23.2581746413333,21.5337788896667,24.292081706,21.3526743573333,23.2535034186667
1982,10,22.3182026529032,21.2359754987097,24.0188527754839,22.824680253871,21.7567215448387,20.5320245564516,23.3136141867742,20.2513977054839,22.3182026529032
1982,11,21.878146362,20.9585510256667,24.520963542,22.5082295733333,22.00769755,19.93938497,22.8945627843333,19.4870320646667,21.878146362
1982,12,22.0687716570968,21.4516983532258,25.3098260693548,22.9614295219355,22.5562023532258,19.931515403871,23.165375543871,19.2818404658065,22.0687716570968
1983,1,22.3591257409677,22.0087701616129,25.8246300474194,23.4844781687097,22.8836599045161,20.0555132477419,23.5604354367742,19.2222110864516,22.3591257409677
1983,2,24.5382171632143,24.5428111485714,28.1477393025,26.0130314417857,25.2526914321429,22.0456067764286,25.8917469564286,21.1426679339286,24.5382171632143
1983,3,26.9599636932258,27.1709494312903,30.0678236435484,28.6567636796774,27.3404578422581,24.3582318706452,28.4453664487097,23.4839239312903,26.9599636932258
1983,4,27.3581990563333,27.7811655686667,30.587946574,29.2916086826667,28.0833241776667,24.8494344073333,28.8725474043333,24.0580342603333,27.3581990563333
1983,5,27.7906147612903,27.959624063871,31.1682875109677,29.508132246129,28.9736040667742,25.4335344858065,29.2852111822581,24.8114031396774,27.7906147612903
1983,6,26.18118693,26.1134531643333,28.5453023276667,27.694028727,26.490361532,24.1026041653333,27.5539245603333,23.64417216,26.18118693
1983,7,24.0127925751613,23.4257022977419,26.6089672451613,25.0276900758065,24.6630650677419,22.20558393,25.2257914880645,21.8866880358065,24.0127925751613
1983,8,24.31157837,23.7447931112903,26.9262004241935,25.3704694193548,25.0890117025807,22.5604974567742,25.4424849970968,22.3755402596774,24.31157837
1983,9,24.1203847246667,23.8365692146667,26.8243255606667,25.4624684653333,24.9176747646667,22.3523803706667,25.1851104736667,22.1912923186667,24.1203847246667
1983,10,22.773466836129,21.754408116129,25.1394572587097,23.3461734883871,22.9399914167742,20.9619345387097,23.7826093125807,20.6918175487097,22.773466836129
1983,11,23.3052510576667,22.6774505616667,25.822502645,24.2372599283333,23.3820220943333,21.2870096836667,24.364711508,20.8676086433333,23.3052510576667
1983,12,22.6152834006452,22.2311862093548,25.972273106129,23.7455117503226,23.2556957612903,20.4475873393548,23.7283707158064,19.8105269903226,22.6152834006452
1984,1,21.2144113848387,21.0139296012903,25.2825364635484,22.4837683887097,22.311249566129,18.9745530648387,22.3811968396774,18.1148236674194,21.2144113848387
1984,2,22.8215197331035,22.9082433227586,27.1232775448276,24.3687262175862,24.171264857931,20.424483937931,24.12445826,19.4808278044828,22.8215197331035
1984,3,26.0127709170968,26.2472414070968,29.7659319480645,27.7279710335484,27.0260391722581,23.4662060158065,27.4709244267742,22.5708606351613,26.0127709170968
1984,4,28.4312388106667,28.8588511153333,31.7895385733333,30.376657105,29.3602752693333,25.86775411,29.9776774093333,25.1051177976667,28.4312388106667
1984,5,25.8910136554839,26.2049460132258,28.5820468045161,27.7444869503226,26.2524343183871,23.6460057416129,27.32644043,22.9863486009677,25.8910136554839
1984,6,24.5799092613333,24.4216501873333,26.8622202553333,25.993626914,24.721776327,22.5963134756667,25.901475016,22.1075317383333,24.5799092613333
1984,7,23.8313094603226,23.5518452309677,26.4874295151613,25.1555419922581,24.5397061258065,22.0378317548387,25.0357171829032,21.7201427829032,23.8313094603226
1984,8,23.6774496751613,23.0229844609677,26.0756371283871,24.6447653496774,24.1913085929032,21.9624385719355,24.7866681506452,21.7653501454839,23.6774496751613
1984,9,23.399625651,22.7599009193333,25.1484059653333,24.379067994,23.1435414626667,21.6692667646667,24.4413024896667,21.490712484,23.399625651
1984,10,23.1432611283871,22.1236767180645,25.2601336080645,23.7165584441935,23.0589627164516,21.30589127,24.163971736129,21.0401235267742,23.1432611283871
1984,11,21.2594787603333,20.4584798166667,24.2891682946667,22.0038635256667,21.7534901933333,19.3490570063333,22.259085083,18.8760630286667,21.2594787603333
1984,12,21.0197190803226,20.4117173716129,24.5025573732258,21.9139540148387,21.6952748935484,18.9351341987097,22.08758033,18.2546453654839,21.0197190803226
1985,1,21.4414247580645,21.2097904332258,25.3651820022581,22.6807859364516,22.3985150741936,19.1889223158064,22.6150569787097,18.3344330819355,21.4414247580645
1985,2,22.7164670682143,22.3497220710714,26.6477229528571,23.8070149007143,23.6687866214286,20.3253134596429,24.0150510521429,19.3803170342857,22.7164670682143
1985,3,24.8399321532258,24.8142196158065,28.8054305541936,26.2861395058064,26.0074667654839,22.3562708703226,26.2613986103226,21.433019626129,24.8399321532258
1985,4,25.694902548,25.9542999266667,29.972805787,27.4539723723333,27.4337758383333,23.2787709556667,27.1590840663333,22.4489705406667,25.694902548
1985,5,26.7000819045161,27.0150479219355,30.6282553393548,28.5579881245161,28.403371306129,24.4037306267742,28.1617852983871,23.7564212929032,26.7000819045161
1985,6,25.4385172533333,25.5862284346667,28.4919280996667,27.1636952716667,26.4340006506667,23.4012949623333,26.788857015,22.9257171633333,25.4385172533333
1985,7,24.3189055416129,24.4034923919355,27.8171237083871,26.0112420858065,25.9387904016129,22.4946483987097,25.5411365141935,22.1828187996774,24.3189055416129
1985,8,24.4190091035484,24.0469584806452,27.2482583322581,25.6744195764516,25.4290789203226,22.6619496990323,25.5531633935484,22.47947427,24.4190091035484
1985,9,23.942760213,23.2485941573333,26.2921834316667,24.871027629,24.355770873,22.1846486413333,25.002126059,22.0194600433333,23.942760213
1985,10,23.0503036009677,22.2892956151613,25.0976235674194,23.8842131580645,22.8958137751613,21.2233559893548,24.0677960790323,20.9596260316129,23.0503036009677
1985,11,22.1815897623333,21.442649333,24.9794484456667,22.99517924,22.4918212886667,20.2259318033333,23.2071594233333,19.780580647,22.1815897623333
1985,12,21.2457332487097,20.6518021116129,24.7142706106452,22.1568168393548,21.9273423716129,19.1543104603226,22.317513546129,18.4856329154839,21.2457332487097
1986,1,20.3898146103226,20.1753459325806,24.6753587303226,21.640243826129,21.670113643871,18.1958803232258,21.5317311929032,17.3171128790323,20.3898146103226
1986,2,24.9150471289286,25.0297877721428,28.7021630417857,26.5028810771429,25.8381199439286,22.4014515467857,26.2799381810714,21.5072091235714,24.9150471289286
1986,3,24.4646949035484,24.8075106706452,28.711680553871,26.2793951216129,25.9084775870968,22.0019312690323,25.8748383558065,21.0700130345161,24.4646949035484
1986,4,27.4087158206667,27.307136027,30.7840993246667,28.8147847496667,28.29043986,24.8971445723333,28.9245880116667,24.1069091793333,27.4087158206667
1986,5,26.8221522180645,26.8536040280645,29.8317741148387,28.3955893229032,27.5623472141935,24.5190024093548,28.2875374083871,23.8745134903226,26.8221522180645
1986,6,24.7338043216667,24.474810792,27.325163778,26.045729574,25.2019856773333,22.7358327233333,26.0628946946667,22.2439890533333,24.7338043216667
1986,7,23.549120306129,22.8463477354839,26.1962593332258,24.4449195135484,24.2272799590323,21.7677334683871,24.7481333090323,21.4381337806452,23.549120306129
1986,8,24.2131739464516,23.4194757277419,26.9117380448387,25.0432343506452,25.0737381467742,22.4675753680645,25.341117416129,22.2803470732258,24.2131739464516
1986,9,23.418579101,22.4878224686667,25.7763183596667,24.10576884,23.8110575353333,21.6896606446667,24.462133789,21.5123718256667,23.418579101
1986,10,22.5579782783871,21.5932733351613,25.0423591858065,23.1840847874193,22.837457276129,20.7584462812903,23.5606224796774,20.4833568945161,22.5579782783871
1986,11,22.89755249,21.96358134,25.478504435,23.5191823326667,23.018782552,20.902017212,23.9447163896667,20.473203532,22.89755249
1986,12,22.4110016858065,21.7288904987097,25.69903151,23.2402509141935,22.9671756883871,20.2546817893548,23.5179254345161,19.6129079506452,22.4110016858065
1987,1,21.9384202525806,21.7641766945161,26.1544354835484,23.2384385629032,23.2319048483871,19.6582383680645,23.1270425116129,18.8152247274194,21.9384202525806
1987,2,24.8133440292857,24.7731512885714,28.6189546864286,26.244725255,25.7502652846429,22.3054105482143,26.1751702453571,21.4088237225,24.8133440292857
1987,3,26.6750338641936,26.7938486403226,30.0554236622581,28.2774400280645,27.3273687551613,24.0891652751613,28.1518395212903,23.2082812893548,26.6750338641936
1987,4,25.2148040776667,25.684236653,29.822828166,27.1823181153333,27.2754079176667,22.8254099543333,26.6645039873333,21.9845296226667,25.2148040776667
1987,5,26.8710433474194,27.2136484458065,30.8565622635484,28.7577571741935,28.6444463916129,24.5651745216129,28.33790421,23.9218127832258,26.8710433474194
1987,6,26.0344482426667,25.9891194656667,28.7942982993333,27.5689615883333,26.7532765706667,23.9640380856667,27.402764892,23.5022216803333,26.0344482426667
1987,7,24.5558833954839,24.0120699970968,27.0487895351613,25.6175131512903,25.1274825558064,22.7184259229032,25.7852613890323,22.4120717690323,24.5558833954839
1987,8,24.2555234835484,23.5614218432258,26.5700563493548,25.1860172387097,24.7129494951613,22.5075671780645,25.38474574,22.3213164293548,24.2555234835484
1987,9,24.676426188,23.8129638666667,26.870763143,25.4387186683333,24.966706339,22.8774546306667,25.7579223633333,22.729204304,24.676426188
1987,10,22.0429173616129,21.1512911893548,25.5526810187097,22.7394928967742,23.376324856129,20.2720758254839,23.0300291003226,19.9850904890323,22.0429173616129
1987,11,23.282085164,22.4917449943333,26.5022226966667,24.0504577636667,24.0997558593333,21.2651346846667,24.3408477776667,20.8451975503333,23.282085164
1987,12,23.3944079990323,22.7925767470968,26.8020785416129,24.3102099990323,24.1319095732258,21.1833248016129,24.5309938487097,20.5642540722581,23.3944079990323
1988,1,21.3476885390323,20.97950282,25.2879617016129,22.44914472,22.3169740741935,19.1004085410645,22.5184983767742,18.2437564969355,21.3476885390323
1988,2,23.6500540896552,23.5073696796552,27.8098746458621,24.9713820886207,24.8962593872414,21.2068788727586,24.9779833562069,20.2823467389655,23.6500540896552
1988,3,24.9708200754839,25.2514843364516,29.4374190793548,26.7263437577419,26.6791527529032,22.4822809032258,26.397546386129,21.5628768435484,24.9708200754839
1988,4,28.0322255453333,28.1298706056667,31.377486166,29.6433807366667,28.925181071,25.4909657796667,29.566633097,24.7191162113333,28.0322255453333
1988,5,27.835722696129,28.0386695116129,31.3449547551613,29.5890245006452,29.16985572,25.4824069119355,29.3298013006452,24.8676490048387,27.835722696129
1988,6,25.917237345,25.7105906173333,28.2288726816667,27.2901662196667,26.164857992,23.8591684966667,27.2791412346667,23.4012593586667,25.917237345
1988,7,24.7368674,24.3761063122581,27.5602552841935,25.9846632445161,25.6725314222581,22.8929579203226,25.9685903235484,22.5961754587097,24.7368674
1988,8,24.35506198,23.7296721429032,26.2750094512903,25.3556181883871,24.40183952,22.6023124445161,25.4847213254839,22.4208696916129,24.35506198
1988,9,23.868466187,22.9909311933333,25.1817708333333,24.6114644356667,23.178775025,22.111994425,24.924282836,21.9442637126667,23.868466187
1988,10,22.0131745364516,20.6761876258065,23.8678360470968,22.2605342741935,21.5887990635484,20.2387457087097,22.9998058687097,19.94688445,22.0131745364516
1988,11,23.0096588126667,22.1839945483333,25.4978312176667,23.7395467116667,23.0297485353333,21.0017608633333,24.062046305,20.569176229,23.0096588126667
1988,12,20.9219397751613,20.1366575170968,24.2732207267742,21.6372727919355,21.4531080680645,18.8428008051613,21.9868496793548,18.1600566248387,20.9219397751613
1989,1,21.8135482293548,21.2816711425806,25.4067617112903,22.7530968454839,22.4424141177419,19.5403204151613,22.998405013871,18.6944204022581,21.8135482293548
1989,2,21.4932277132143,21.3825153896429,25.7347307467857,22.8341090614286,22.7047417782143,19.1702056885714,22.7549235753571,18.196964155,21.4932277132143
1989,3,24.4500592629032,24.6012994583871,28.5244404454839,26.0719632058064,25.7107630570968,21.9881097603226,25.8597626716129,21.0558607545161,24.4500592629032
1989,4,25.8596567796667,25.895439657,29.7390238453333,27.394769287,27.1869252533333,23.434351604,27.3288045243333,22.608350627,25.8596567796667
1989,5,26.1299042729032,26.1983975325806,29.2883850106452,27.7365208783871,26.98856654,23.8653089951613,27.5744075648387,23.20483674,26.1299042729032
1989,6,25.2586334233333,25.5377543133333,28.078006999,27.1149403883333,25.996931966,23.2314280203333,26.6035471593333,22.751698812,25.2586334233333
1989,7,24.178458723871,24.0717761619355,27.2238905380645,25.6775717458065,25.3123777322581,22.3620229412903,25.3964585819355,22.0469555264516,24.178458723871
1989,8,24.6055394325806,24.2900359122581,27.394429656129,25.9189283803226,25.5834279706452,22.8380912532258,25.7453178151613,22.6599207722581,24.6055394325806
1989,9,23.0884277353333,22.161736044,25.0458882653333,23.7777577726667,23.0397796626667,21.3778940843333,24.122025553,21.1929799393333,23.0884277353333
1989,10,22.3409303722581,21.355371093871,24.0581121629032,22.9447816912903,21.7981673693548,20.5534882574194,23.3370319983871,20.2733851280645,22.3409303722581
1989,11,22.6021586093333,21.702327474,24.6317169183333,23.2563883463333,22.124637859,20.6230743413333,23.640415445,20.187437948,22.6021586093333
1989,12,21.4942319806452,20.9152889125806,24.5773904119355,22.4218560987097,21.7828061993548,19.3889699621936,22.5735068045161,18.7260307076452,21.4942319806452
1990,1,22.168858486129,21.5381497296774,25.4615122141936,23.0110835909677,22.5002340996774,19.875841496129,23.3644289090323,19.0381507129032,22.168858486129
1990,2,23.6614700310714,23.4369958064286,27.4703558782143,24.9006973264286,24.537432425,21.2176790514286,24.9885530742857,20.2945059642857,23.6614700310714
1990,3,24.4111296619355,24.3542626164516,28.2431865077419,25.8234753019355,25.4137837067742,21.9513498612903,25.8196586367742,21.0181941858065,24.4111296619355
1990,4,26.4967854816667,26.2860595713333,30.184169515,27.7876892093333,27.6569630936667,24.035995483,27.9851511633333,23.224709066,26.4967854816667
1990,5,26.7604909587097,26.8712717367742,29.9477320512903,28.4133584293548,27.6847925977419,24.4607817625806,28.2240204841935,23.8148683609677,26.7604909587097
1990,6,24.871849569,24.7045878093333,27.4164326993333,26.2768605543333,25.298357137,22.8661895756667,26.20509847,22.3775299066667,24.871849569
1990,7,24.5916962654839,24.1658972954839,27.4310153096774,25.7722481025807,25.5310893396774,22.7522394,25.8221502477419,22.44670922,24.5916962654839
1990,8,24.3710551596774,23.6622430619355,27.1839479509677,25.2874369967742,25.3611763254839,22.6166655509677,25.5037593722581,22.4330796770968,24.3710551596774
1990,9,23.9765513106667,23.0905873616667,25.9452504476667,24.7120880126667,23.9894358316667,22.2165578203333,25.0369344073333,22.0521464023333,23.9765513106667
1990,10,23.1418622416129,22.1927350445161,25.4488612025807,23.7870835825806,23.2666958719355,21.3098122874194,24.1621141006452,21.0481998564516,23.1418622416129
1990,11,20.94851176,19.904736328,23.4903004966667,21.4482025153333,20.9193908693333,19.0615264893333,21.9368998206667,18.5877136226667,20.94851176
1990,12,21.5608754803226,20.7855291554839,24.3304943451613,22.291329463871,21.5221014203226,19.4519021309677,22.6421556048387,18.7904995829032,21.5608754803226
1991,1,23.0591566516129,22.6070160890323,26.3504587474194,24.0862474009677,23.4388908141936,20.7165623809677,24.2815825432258,19.8994237096774,23.0591566516129
1991,2,23.4825345717857,23.40090768,27.6281906128571,24.8643999371429,24.7040889196429,21.0487173892857,24.8042247217857,20.1214069914286,23.4825345717857
1991,3,27.8402973790323,27.9126663706452,30.9154405174194,29.4028525077419,28.2354832806452,25.1895385745161,29.3522514096774,24.3355543564516,27.8402973790323
1991,4,28.313248698,28.0915161126667,31.0306884763333,29.603790282,28.5508209226667,25.751296997,29.856403604,24.981948853,28.313248698
1991,5,26.6287692158065,26.7655736129032,29.8304805629032,28.3070401093548,27.5609837690323,24.3363921135484,28.08832358,23.6874328612903,26.6287692158065
1991,6,25.598762003,25.6170725503333,28.8540710446667,27.1947224933333,26.816401165,23.5526133213333,26.9539326983333,23.080733236,25.598762003
1991,7,24.8473587529032,24.6468700780645,27.9917078816129,26.25605705,26.1231372467742,22.9936678983871,26.0855238383871,22.6940384403226,24.8473587529032
1991,8,24.4678982635484,24.1158012154839,27.829092506129,25.7436678974194,26.0423956106452,22.7081159048387,25.6035242883871,22.5267686412903,24.4678982635484
1991,9,24.0804840096667,23.0997192383333,26.5403757726667,24.721269734,24.6178456623333,22.3147033696667,25.1440022793333,22.1526906336667,24.0804840096667
1991,10,22.8475841893548,21.98529919,25.4243290070968,23.578422103871,23.2407913693548,21.0319290645161,23.8589623229032,20.7635190893548,22.8475841893548
1991,11,21.4778483073333,20.5927978513333,24.732593791,22.1403198243333,22.2311645513333,19.5613810216667,22.4821929936667,19.0997853593333,21.4778483073333
1991,12,21.1149467216129,20.4282263974194,24.3415938832258,21.9319219780645,21.533825093871,19.03080779,22.1827784383871,18.3591099887097,21.1149467216129
1992,1,22.6182121025806,22.3069771058064,26.5705003312903,23.7844443035484,23.6712359025806,20.3001716867742,23.8273352832258,19.4728490019355,22.6182121025806
1992,2,24.5201954806897,24.5906795103448,28.5616309862069,26.0610806172414,25.6900573734483,22.0285583503448,25.8743646024138,21.1241173051724,24.5201954806897
1992,3,26.0513854974193,26.2819645051613,30.2522403832258,27.7628979103226,27.5395446780645,23.5026695987097,27.5107016280645,22.6082131658064,26.0513854974193
1992,4,26.7428466793333,26.824249268,30.4826629643333,28.330056763,27.9803141273333,24.2733947756667,28.238359578,23.47177124,26.7428466793333
1992,5,25.0975585932258,25.094353263871,28.7948567058065,26.6273486719355,26.4771431222581,22.89674407,26.5090536787097,22.218770476129,25.0975585932258
1992,6,25.640822348,25.4877410876667,27.987085978,27.0660003663333,25.909545899,23.5981496173333,26.994393921,23.1338582353333,25.640822348
1992,7,23.9160085364516,23.3498917119355,26.4613419064516,24.9524012419355,24.5121635193548,22.1178163583871,25.1229777667742,21.8020824796774,23.9160085364516
1992,8,24.0041088480645,23.4905491980645,27.0374084470968,25.1150904493548,25.2068705896774,22.2709043451613,25.1231805609678,22.0813586809677,24.0041088480645
1992,9,23.3687367763333,22.6217193606667,25.7024414066667,24.2400756836667,23.7285583496667,21.6401000983333,24.4094807943333,21.4608317056667,23.3687367763333
1992,10,22.8122399109677,21.7048426474194,24.7172682241935,23.2952544177419,22.4857333277419,20.9933046406452,23.8229683164516,20.7198917512903,22.8122399109677
1992,11,22.8754730236667,21.8327189133333,25.503168742,23.3862050373333,23.0353892,20.8750508626667,23.9238179523333,20.4393666593333,22.8754730236667
1992,12,22.058561066129,21.2938584845161,25.2892306419355,22.8012890235484,22.5259397441935,19.9161197780645,23.1577559935484,19.2596157935484,22.058561066129
1993,1,22.6412548432258,22.2113320625806,26.3563958935484,23.6882322248387,23.44516267,20.3219317045161,23.8510789435484,19.4951455396774,22.6412548432258
1993,2,24.7137019560714,24.4585008892857,28.6392554139286,25.9282263621429,25.7716951642857,22.2113150453571,26.0725254603571,21.3124328617857,24.7137019560714
1993,3,25.7837935912903,25.7438736445161,29.6047538519355,27.2212768558065,26.8514943770968,23.2475672570968,27.2337201525806,22.3461045780645,25.7837935912903
1993,4,27.236887613,27.0823944093333,30.410743206,28.5887237546667,27.8962036136667,24.7348775223333,28.7475748693333,23.9406840003333,27.236887613
1993,5,26.7754416183871,26.5422951983871,30.0737647274194,28.0824474703226,27.8178728658064,24.474892696129,28.2394170954839,23.8293238480645,26.7754416183871
1993,6,25.4076212573333,25.0898529056667,27.658482869,26.664398194,25.5539449063333,23.372119141,26.7570302313333,22.895831299,25.4076212573333
1993,7,24.0445603890323,23.5277511096774,26.29853555,25.1303393951613,24.3352718232258,22.2355768025806,25.2585161767742,21.9174182525806,24.0445603890323
1993,8,23.9880300212903,23.0755770780645,25.9592588358065,24.6973048064516,24.0679969041936,22.2549692464516,25.1091798845161,22.0625450877419,23.9880300212903
1993,9,23.6634490966667,22.7541127526667,25.1435638436667,24.3736277263333,23.1429158536667,21.920894368,24.7143910716667,21.7492563886667,23.6634490966667
1993,10,23.1705034812903,22.1238962487097,24.850983453871,23.717840183871,22.6353816867742,21.3368626758065,24.1916275519355,21.0759147396774,23.1705034812903
1993,11,21.7577962236667,20.851219686,24.5172271733333,22.4002655026667,22.0037495946667,19.825735474,22.770586141,19.3706105553333,21.7577962236667
1993,12,22.0273514277419,21.1906519735484,25.46788842,22.6988415132258,22.7231010193548,19.8923987616129,23.1227031093548,19.2417669480645,22.0273514277419
1994,1,22.2619685996774,21.8933211787097,26.0498359932258,23.3683459870968,23.12145681,19.9637675619355,23.4603466406452,19.1282258058065,22.2619685996774
1994,2,23.6156173714286,23.3914679385714,27.4800768178571,24.8549046103571,24.5476939607143,21.1743865967857,24.9413162228571,20.2501475742857,23.6156173714286
1994,3,26.2094832877419,26.2933780787097,30.1166330645161,27.7740240283871,27.3920000616129,23.6495477483871,27.6722518432258,22.7579146854839,26.2094832877419
1994,4,26.9183227536667,27.0509236653333,30.7640848796667,28.5570668536667,28.2693054196667,24.4340576163333,28.4194020583333,23.6325022383333,26.9183227536667
1994,5,26.4223099232258,26.3863365919355,29.8064612612903,27.9255703835484,27.5356226780645,24.1414290887097,27.8756347651613,23.4877071258064,26.4223099232258
1994,6,25.3577494306667,25.382892863,28.6544525143333,26.9591644283333,26.6056152343333,23.3250233973333,26.7056549066667,22.847584025,25.3577494306667
1994,7,24.7857024158065,24.5950876548387,28.5265747070968,26.2039684664516,26.6879142516129,22.9354433116129,26.0220098677419,22.6343923254839,24.7857024158065
1994,8,24.9490226506452,24.4572683022581,27.9380786519355,26.0871442241935,26.1574783812903,23.1624389654839,26.0991573209677,22.9922001009677,24.9490226506452
1994,9,23.6846893316667,22.7944000243333,26.1688903803333,24.4141530346667,24.2255818686667,21.940951539,24.7362742113333,21.769802855,23.6846893316667
1994,10,24.0140959719355,23.1175180748387,25.8065537970968,24.7173174451613,23.6443922477419,22.1334728612903,25.0606559509677,21.8919951406452,24.0140959719355
1994,11,23.0095357253333,22.076254273,26.0570821123333,23.6325297036667,23.62972107,21.0077616373333,24.060072836,20.58152771,23.0095357253333
1994,12,22.3867146151613,21.7642229629032,25.9361176516129,23.2757950316129,23.217519256129,20.2317502912903,23.4929079112903,19.5894172919355,22.3867146151613
1995,1,23.44343498,23.1221006329032,27.3039696474194,24.6043709051613,24.4457257680645,21.0794321370968,24.6774467222581,20.2711652196774,23.44343498
1995,2,24.9908974782143,24.6031738285714,29.0175480439286,26.0737516135714,26.1711451928571,22.4730763028571,26.3580773485714,21.5805864607143,24.9908974782143
1995,3,26.9004839496774,26.8797477477419,30.6424627490323,28.3638441522581,27.9472358954839,24.3020627916129,28.384095026129,23.4263845145161,26.9004839496774
1995,4,27.0367350263333,27.1415730793333,29.9285064693333,28.6482452393333,27.3870005273333,24.5458770753333,28.5413899746667,23.7470570883333,27.0367350263333
1995,5,27.2914328303226,27.4280856222581,30.0900345341936,28.973461323871,27.8350522935484,24.9621521,28.7709762080645,24.32849889,27.2914328303226
1995,6,25.6431671133333,25.5276824956667,28.3286051426667,27.1048065176667,26.261539714,23.5945444746667,26.9996775303333,23.1236938476667,25.6431671133333
1995,7,24.1295715332258,23.542065823871,26.3106717016129,25.144739753871,24.348087236129,22.3158577212903,25.3460937496774,21.9996601719355,24.1295715332258
1995,8,24.6095943329032,24.0685885519355,26.3686078464516,25.6961756554839,24.5002370529032,22.84191678,25.7494908480645,22.6638417893548,24.6095943329032
1995,9,23.7130106616667,22.7481374106667,24.986912028,24.3676127116667,22.977502442,21.967693075,24.765447998,21.7971974693333,23.7130106616667
1995,10,22.7731537848387,21.7696393412903,24.091427513871,23.3614913445161,21.8333472467742,20.9616451148387,23.7822903535484,20.6915163096774,22.7731537848387
1995,11,22.092450969,20.9509979236667,23.9877512613333,22.5006306966667,21.444667562,20.1417541506667,23.115334066,19.694350179,22.092450969
1995,12,22.0513333229032,21.2378715267742,24.6595201058065,22.7463406474194,21.8695263287097,19.9150467403226,23.1474105332258,19.2649662148387,22.0513333229032
1996,1,21.6927242158065,21.4099178190323,25.2213250925806,22.8820907103226,22.2466153058064,19.4262260190323,22.8739346416129,18.5775380787097,21.6927242158065
1996,2,23.2446038606897,23.2006406575862,27.2571749982759,24.6628441124138,24.3126496417241,20.8240137558621,24.5603071537931,19.8901190396552,23.2446038606897
1996,3,24.7628024187097,24.8299086054839,29.0464101487097,26.3022852741935,26.2662794535484,22.2858490974194,26.1832539222581,21.3616478703226,24.7628024187097
1996,4,25.7227915453333,25.738013713,28.8776916506667,27.2374216716667,26.2855845136667,23.3101521806667,27.1875417066667,22.4849812826667,25.7227915453333
1996,5,25.2660294077419,25.0447021483871,27.7287477551613,26.5774051780645,25.3514087312903,23.0558302358064,26.6826012387097,22.3817441883871,25.2660294077419
1996,6,25.1951588946667,24.854444377,27.5520884193333,26.4289744066667,25.4502237956667,23.1773050946667,26.535290528,22.7027221676667,25.1951588946667
1996,7,23.9736178487097,23.2716032954839,26.2004953693548,24.8736511232258,24.2367266248387,22.1722183716129,25.1823187067742,21.8578134841935,23.9736178487097
1996,8,23.9570940574194,23.1716326316129,26.0337945745161,24.7942896693548,24.1471270154839,22.2265042206452,25.074744243871,22.0358737074194,23.9570940574194
1996,9,24.497871908,23.7557973236667,26.697873942,25.3808390293333,24.7796610516667,22.7063466393333,25.5726715086667,22.5531473796667,24.497871908
1996,10,22.9511254093548,21.8757253341936,24.74619495,23.4671412322581,22.5162765019355,21.1244573780645,23.9660406296774,20.8542498187097,22.9511254093548
1996,11,21.1471822103333,20.0042887373333,23.7652964273333,21.546993001,21.2003245026667,19.2430094393333,22.1433949783333,18.7674224856667,21.1471822103333
1996,12,21.3756554383871,20.8360327935484,25.0041078632258,22.3407708932258,22.2248730077419,19.271250866129,22.4542539532258,18.5989771693548,21.3756554383871
1997,1,22.3367061483871,22.1348707629032,26.2972567654839,23.6113220212903,23.3827128751613,20.0343438916129,23.5373444596774,19.2005258864516,22.3367061483871
1997,2,23.3680751257143,23.3007468089286,27.6216140746428,24.7636483325,24.69714835,20.9406284867857,24.6863113407143,20.0106750485714,23.3680751257143
1997,3,25.5159860922581,25.5997922835484,29.7927746196774,27.0763439548387,27.0500279580645,22.9946749790323,26.9578392770968,22.0870290451613,25.5159860922581
1997,4,27.753995769,27.8721293126667,31.3696156816667,29.383109537,28.9087025956667,25.2231903076667,29.2802764886667,24.440927124,27.753995769
1997,5,26.3422780680645,26.4094876196774,30.2010919383871,27.9488572641935,27.9523185483871,24.065856736129,27.7931900512903,23.4102859977419,26.3422780680645
1997,6,25.1215525316667,25.0574320473333,27.8882649736667,26.631784058,25.796576945,23.1019836416667,26.462335206,22.6190887446667,25.1215525316667
1997,7,24.3052031487097,23.7619902577419,26.9973930119355,25.3659557712903,25.0732144258065,22.4817040235484,25.5270216416129,22.1695623583871,24.3052031487097
1997,8,24.5635019616129,24.0152881254839,27.7926781441936,25.6425572551613,26.0039434616129,22.7983928064516,25.7020133732258,22.6192536387097,24.5635019616129
1997,9,24.1760548906667,23.125211588,25.7402913413333,24.746912638,23.7730163573333,22.404950969,25.242457072,22.2451446533333,24.1760548906667
1997,10,23.1779812719355,22.0090605709677,24.5841958332258,23.6023232745161,22.3536758922581,21.3439230635484,24.1993278264516,21.0831434677419,23.1779812719355
1997,11,23.0108184816667,21.730653891,24.5711364743333,23.2848856616667,22.0606719966667,21.0089762366667,24.0613983163333,20.5827748603333,23.0108184816667
1997,12,22.3630497096774,21.5954765077419,25.0298646993548,23.1060503558064,22.2605864490323,20.2094005951613,23.468524366129,19.5665163103226,22.3630497096774
1998,1,23.5826276229032,23.200991526129,27.2164166845161,24.6837284209677,24.3532762090323,21.2108792222581,24.820840946129,20.4058245254839,23.5826276229032
1998,2,27.5590682985714,27.7297509335714,30.7820526125,29.218758065,28.0343327114286,24.8982145035714,29.0037028721429,24.0650214064286,27.5590682985714
1998,3,26.1387957174194,26.6500754087097,30.220972663871,28.132819193871,27.5021773806452,23.5827959612903,27.5994319796774,22.6895297145161,26.1387957174194
1998,4,28.38178711,28.5450836186667,31.6757242836667,30.0600321453333,29.2319244383333,25.8160176596667,29.9270060223333,25.0482493083333,28.38178711
1998,5,28.4000291393548,28.5962512593548,31.4120885048387,30.1485101512903,29.2310444490323,26.0090064258065,29.9130079696774,25.4009426980645,28.4000291393548
1998,6,25.8616546633333,25.9208170566667,28.3160614023333,27.5002604173333,26.248297119,23.800864664,27.2247578946667,23.335057576,25.8616546633333
1998,7,24.2734461635484,23.7671703716129,26.3132528980645,25.3711703387097,24.3508111780645,22.4517160729032,25.4943048287097,22.1388400174194,24.2734461635484
1998,8,24.8587112922581,24.1581418922581,27.2549702312903,25.7862556706452,25.4361658906452,23.0771620225806,26.0061259603226,22.9048351658065,24.8587112922581
1998,9,25.3370524093333,24.6294494633333,26.8672922766667,26.2600209553333,24.9630452473333,23.5012837723333,26.4384643546667,23.3682840986667,25.3370524093333
1998,10,22.8466529109677,21.81350393,24.5544923835484,23.4056128722581,22.3223126816129,21.0310460248387,23.8580015112903,20.7626153764516,22.8466529109677
1998,11,21.692796834,20.4351074213333,23.2682617183333,21.9817006426667,20.6849355066667,19.764359538,22.7036275233333,19.3077301026667,21.692796834
1998,12,21.069474546129,20.1516446016129,23.7181483112903,21.6537070006452,20.8755136803226,18.9878715267742,22.1359388783871,18.3151213603226,21.069474546129
1999,1,21.2589385009677,20.7516585816129,24.7022191203226,22.2199586932258,21.6984733332258,19.0166013648387,22.4270696822581,18.1578997219355,21.2589385009677
1999,2,22.5758039192857,22.4394328521429,26.5853886192857,23.8972586485714,23.6029678339286,20.1924857010714,23.8701459617857,19.2442358828571,22.5758039192857
1999,3,25.1039987867742,25.0173849774194,28.9451528229032,26.4905088367742,26.1550044883871,22.60563197,26.5334263951613,21.688474396129,25.1039987867742
1999,4,27.1779988606667,27.0181854243333,30.4793304443333,28.524131266,27.968626912,24.6792724606667,28.6869099933333,23.8837097173333,27.1779988606667
1999,5,26.8564037690323,26.8962488974194,30.3235077887097,28.4384842412903,28.0815791958065,24.5513490735484,28.3228236045161,23.907649673871,26.8564037690323
1999,6,24.816827393,24.8522125246667,27.5431966143333,26.425350952,25.4322133383333,22.8142313643333,26.1484161383333,22.3243021653333,24.816827393
1999,7,23.8247078187097,23.3544280025806,26.2786430112903,24.9559924712903,24.3142688377419,22.0279716245161,25.0320334154839,21.7047373135484,23.8247078187097
1999,8,24.6563029629032,24.1843456625806,27.3716979983871,25.8126110445161,25.5594244193548,22.8860255090323,25.7976111622581,22.7090294625806,24.6563029629032
1999,9,23.4243652336667,22.4834187823333,24.964490763,24.101339722,22.9538330073333,21.6951253256667,24.468095907,21.5179687513333,23.4243652336667
1999,10,22.0124007683871,20.9155241935484,23.6516052254839,22.5023427654839,21.3689297580645,20.2432603406452,22.9985900874194,19.9555681787097,22.0124007683871
1999,11,19.5574473066667,18.530181885,22.3235361733333,20.0655466716667,19.6873748793333,17.7479339606667,20.5038726803333,17.2420043946667,19.5574473066667
1999,12,20.5285711474194,19.8187096383871,23.6786339541935,21.3188120196774,20.8337863054839,18.4770899625806,21.5787184190323,17.7918531845161,20.5285711474194
2000,1,21.0403410883871,20.7967389503226,25.1120810232258,22.265300923871,22.1312618129032,18.8101765287097,22.2018716129032,17.9464276716129,21.0403410883871
2000,2,22.224662202069,22.342001237931,26.6550568682759,23.7991419296552,23.6768600989655,19.8608747806897,23.5096058810345,18.9034373317241,22.224662202069
2000,3,26.3104748145161,26.6069767109677,30.1161398616129,28.0898258332258,27.3958305119355,23.747327053871,27.7776054129032,22.8588579729032,26.3104748145161
2000,4,26.7489552823333,26.9234029133333,30.3345479333333,28.4297932936667,27.8239145913333,24.279164632,28.2446553553333,23.4776875816667,26.7489552823333
2000,5,25.4902351629032,25.5591802793548,28.2610274777419,27.0949153770968,25.9134588429032,23.2675543016129,26.9135720529032,22.5986404909677,25.4902351629032
2000,6,24.2867624913333,24.044258625,26.6284403486667,25.614007568,24.474924724,22.3194986976667,25.599489339,21.8239440926667,24.2867624913333
2000,7,24.1274510535484,23.6161152496774,27.1578810170968,25.2201929890323,25.2476529025806,22.317480076129,25.3407955045161,22.0066260554839,24.1274510535484
2000,8,23.9935241693548,23.2231128316129,26.3295069541935,24.8460750448387,24.4593779529032,22.2609103296774,25.1122769258065,22.0711185577419,23.9935241693548
2000,9,24.1455139156667,23.3960276286667,25.8206614173333,25.018951416,23.8533945713333,22.3736155193333,25.209692383,22.2122833253333,24.1455139156667
2000,10,21.9343988235484,20.8309265148387,24.0661845551613,22.4161916432258,21.79823825,20.1643507441935,22.9186468309677,19.8706702451613,21.9343988235484
2000,11,23.064680989,22.1692006433333,25.7238728843333,23.7246683753333,23.2684336343333,21.0537190753333,24.1187316896667,20.6224039716667,23.064680989
2000,12,20.2683064129032,19.5798387093548,23.9033850880645,21.0771679287097,21.0625943096774,18.2255709745161,21.3135049141936,17.527732406129,20.2683064129032
2001,1,20.9933164548387,20.8847713348387,25.3148191387097,22.3538521058064,22.3453367183871,18.7657704996774,22.1534313570968,17.900935806129,20.9933164548387
2001,2,22.61613835,22.5018249517857,26.7861147207143,23.9600104185714,23.8149200435714,20.2305694575,23.9116956435714,19.2832569667857,22.61613835
2001,3,25.7482947558065,26.0493910264516,29.9105429380645,27.5285908358065,27.1743880732258,23.2140441893548,27.1971581241936,22.3117644280645,25.7482947558065
2001,4,26.000270589,26.0310994466667,30.018178304,27.5312245686667,27.4816833496667,23.567134602,27.4736653653333,22.744385783,26.000270589
2001,5,25.8947948825806,25.886475396129,29.4428275816129,27.4227598132258,27.1516475558064,23.6432985367742,27.3322131745161,22.9773921848387,25.8947948825806
2001,6,24.7209391273333,24.703957113,27.6064463306667,26.2762237543333,25.4989980063333,22.7236775713333,26.0496378586667,22.231536865,24.7209391273333
2001,7,24.7735554367742,24.46167071,27.9020895687097,26.06976594,26.0285081432258,22.9239755945161,26.0094966764516,22.6226430583871,24.7735554367742
2001,8,24.6460244454839,24.1825136248387,27.5189147948387,25.8107750674194,25.7148750551613,22.8763189506452,25.7870225470968,22.6990827009677,24.6460244454839
2001,9,24.0444458006667,23.3326405836667,25.9839457193333,24.9555664063333,24.0302968343333,22.2806711826667,25.1068745926667,22.1178243003333,24.0444458006667
2001,10,22.5492571435484,21.5622025035484,24.8811988096774,23.152833803871,22.667288306129,20.7502173648387,23.5516355454839,20.4749212448387,22.5492571435484
2001,11,21.7803232833333,21.0199259436667,25.0448303213333,22.5699707033333,22.5608632403333,19.8470092776667,22.7937896723333,19.3923990893333,21.7803232833333
2001,12,21.8769509596774,21.4233731177419,25.5895265651613,22.9329369329032,22.8515426154839,19.7503689667742,22.967763396129,19.0962679958064,21.8769509596774
2002,1,22.4955215948387,22.3813011903226,26.7213182022581,23.8592044958065,23.8304933606452,20.1843112080645,23.7009442725806,19.3541572822581,22.4955215948387
2002,2,23.0798529492857,22.9200018742857,27.5052396503571,24.3806570875,24.5742595121429,20.6684596471429,24.3893938332143,19.7318511960714,23.0798529492857
2002,3,25.1516465716129,25.357021996129,29.5688582890323,26.8321432787097,26.8135876070968,22.6506247248387,26.5825124435484,21.7345677532258,25.1516465716129
2002,4,26.333641561,26.3672627756667,30.5428466796667,27.8693725586667,28.0356994626667,23.8819366463333,27.817088827,23.0668853753333,26.333641561
2002,5,26.0607721148387,26.0284254506452,29.4838884909677,27.5655466377419,27.1950061432258,23.8000259887097,27.5031952890323,23.1379579606452,26.0607721148387
2002,6,25.272145588,25.1584696446667,27.7606984453333,26.733414713,25.6618703206667,23.2441904693333,26.6174713143333,22.7647735596667,25.272145588
2002,7,24.5051257706452,24.3373863958065,27.9452177977419,25.9447521587097,26.0740472612903,22.6704926519355,25.7329729632258,22.3629650483871,24.5051257706452
2002,8,24.6155088367742,24.2504378780645,28.0036786474194,25.8790980187097,26.2267444248387,22.8475034651613,25.7555845196774,22.669561373871,24.6155088367742
2002,9,24.7645965576667,24.1576232916667,26.5611918133333,25.7854125986667,24.6398193366667,22.960716756,25.8487538656667,22.814500936,24.7645965576667
2002,10,23.6239169219355,22.6076116745161,26.1588309993548,24.2044026045161,24.0163729754839,21.7650164206452,24.6587079451613,21.5145330619355,23.6239169219355
2002,11,21.9492594406667,21.2660725913333,25.2105590813333,22.8175618493333,22.735862223,20.0065358473333,22.9678222656667,19.5558298746667,21.9492594406667
2002,12,22.1762073141935,21.7231020035484,26.0334834929032,23.2344338696774,23.32032707,20.0329646948387,23.2760509854839,19.3857685709677,22.1762073141935
2003,1,20.1917624203226,19.9602993874194,24.972878536129,21.4239293248387,21.9842694683871,18.0088636825806,21.3277064158065,17.1255166325806,20.1917624203226
2003,2,24.9191866182143,25.054072135,29.1327813282143,26.5273049489286,26.2928253171429,22.4053534364286,26.2842019217857,21.5112134664286,24.9191866182143
2003,3,27.4616313325806,27.6485711858064,30.8392578125806,29.1372028970968,28.1550369754839,24.8319591890323,28.9621639116129,23.9692321777419,27.4616313325806
2003,4,28.0368357346667,28.4818196606667,31.87641093,29.996390788,29.4438364666667,25.4902770986667,29.5716532383333,24.7145456943333,28.0368357346667
2003,5,27.6405184841935,27.5024087229032,30.5760880006452,29.0482234845161,28.3482880622581,25.2917941174194,29.1305884587097,24.6661985325806,27.6405184841935
2003,6,25.74710083,26.0240620923333,28.5874674476667,27.604111735,26.5348836256667,23.6926920563333,27.106747437,23.2242441813333,25.74710083
2003,7,24.4437844548387,24.0693416477419,27.5467182774194,25.6751204954839,25.6532590809677,22.6125673348387,25.6697799180645,22.3036221412903,24.4437844548387
2003,8,24.8313104445161,24.2495213658065,27.8686009558064,25.8781746158065,26.0841180616129,23.0512831154839,25.9778952325806,22.8783272035484,24.8313104445161
2003,9,24.9743957526667,24.4594746906667,27.588120524,26.0890441893333,25.7241780603333,23.158832804,26.0648793536667,23.0174601236667,24.9743957526667
2003,10,23.2505373064516,22.4778469948387,25.70144043,24.0738769529032,23.5334047383871,21.4124369951613,24.2740693116129,21.15332996,23.2505373064516
2003,11,21.966311646,20.9192077643333,24.721917725,22.4686523443333,22.219888306,20.0226420083333,22.9853942863333,19.5723246253333,21.966311646
2003,12,20.1738850264516,19.8854200793548,24.4394834458064,21.3859122990323,21.6371861603226,18.1421575732258,21.2133373635484,17.4487371632258,20.1738850264516
2004,1,22.2112119609677,22.2073716690323,26.3279879658064,23.6842521425806,23.4151678274194,19.9158392129032,23.4080631377419,19.079121053871,22.2112119609677
2004,2,23.5518516810345,23.6701704362069,28.042608012069,25.1351436231035,25.1420079731034,21.1141454227586,24.8768186372414,20.187347622069,23.5518516810345
2004,3,24.1163269041935,24.1957149387097,28.5564819345161,25.6643517293548,25.7489494074194,21.6753813716129,25.5172816119355,20.7362491729032,24.1163269041935
2004,4,25.9753926593333,26.2756256113333,29.525393677,27.7781992593333,26.96950887,23.5486857103333,27.4477600096667,22.7293406163333,25.9753926593333
2004,5,24.9792252067742,25.0035782348387,28.4575656029032,26.5360390941936,26.1209901864516,22.7849965748387,26.3871507212903,22.1042951029032,24.9792252067742
2004,6,24.7128041586667,24.650482177,27.7207478846667,26.223808797,25.628317261,22.7218139646667,26.0383850093333,22.236096191,24.7128041586667
2004,7,24.3874765712903,23.99869936,27.4698641874194,25.6050285103226,25.5770822841936,22.5630274622581,25.60866207,22.2581775293548,24.3874765712903
2004,8,25.0367232783871,24.5703821983871,28.3194253254839,26.2012868570968,26.560586056129,23.2460069222581,26.1869396577419,23.0803013951613,25.0367232783871
2004,9,24.9670318603333,24.3661183676667,27.4389760333333,25.994753011,25.562212118,23.149379476,26.055981446,23.007011922,24.9670318603333
2004,10,23.9768861845161,23.1556778451613,26.4675222093548,24.7546463496774,24.3338699841936,22.093089246129,25.0227403212903,21.8465652958065,23.9768861845161
2004,11,22.1257202153333,21.3064463286667,25.2245524086667,22.856829834,22.7411875403333,20.167052206,23.15144755,19.7140584303333,22.1257202153333
2004,12,21.2320948441935,20.7038395048387,25.0704786725806,22.2077930087097,22.2949541658065,19.1356809567742,22.3063608480645,18.4600926548387,21.2320948441935
2005,1,21.1891881145161,20.8381719770968,25.4405978293548,22.3069780896774,22.4781442945161,18.9507326183871,22.3552116151613,18.0904233870968,21.1891881145161
2005,2,24.2637813021429,24.1081078671429,28.480852835,25.5757668625,25.6044348582143,21.7864515039286,25.6090310232143,20.8771813525,24.2637813021429
2005,3,27.1141069958064,27.6586222990323,30.7036672287097,29.1473170135484,28.0118632645161,24.5037879212903,28.6041622041935,23.6330426609677,27.1141069958064
2005,4,26.7908925383333,27.5624053956667,31.2182993566667,29.0715627036667,28.7489227293333,24.3137227373333,28.2881317133333,23.509228516,26.7908925383333
2005,5,26.1890699816129,26.4832033216129,29.6657082832258,28.0230051354839,27.3869941958064,23.9211817590323,27.6353639667742,23.26207492,26.1890699816129
2005,6,25.9826466883333,26.2796417236667,28.8863627113333,27.8611989343333,26.850494385,23.91512146,27.349398803,23.4521097816667,25.9826466883333
2005,7,24.7620316035484,24.449489273871,26.9542628135484,26.0575096867742,25.0276743245161,22.9130955854839,25.9976292770968,22.6114952822581,24.7620316035484
2005,8,24.5644361922581,24.0783374419355,26.8606004283871,25.7059806574194,25.0197407380645,22.799274863871,25.7029722151613,22.6201504619355,24.5644361922581
2005,9,23.9903889976667,23.1972890213333,25.95218811,24.8194163006667,23.9967631026667,22.2296284986667,25.0511881516667,22.065532431,23.9903889976667
2005,10,22.4499184890323,21.543012853871,24.1565037880645,23.1335270048387,21.9020718487097,20.6564082980645,23.4493071529032,20.3788204070968,22.4499184890323
2005,11,21.2126983643333,20.201552327,23.6805816653333,21.7467651356667,21.1203165696667,19.310998536,22.20904541,18.8432830816667,21.2126983643333
2005,12,22.3291043183871,21.5211465158065,25.2320918916129,23.0312901648387,22.4741218816129,20.17734631,23.4335571287097,19.5336803809677,22.3291043183871
2006,1,21.7780464419355,21.2502980877419,25.1991161719355,22.7215377316129,22.2231620529032,19.5067973480645,22.9618331419355,18.6600832045161,21.7780464419355
2006,2,22.7950727189286,22.6309873307143,27.0380198885714,24.0899368285714,24.0809156139286,20.3995409292857,24.0960294446429,19.4563581189286,22.7950727189286
2006,3,25.287731343871,25.3052405577419,29.192568673871,26.7800596180645,26.4162536629032,22.7791322767742,26.7227003519355,21.8662176322581,25.287731343871
2006,4,26.177897136,26.302422079,29.897551473,27.8041524253333,27.3543111163333,23.7348693846667,27.656644693,22.9162190746667,26.177897136
2006,5,26.6807731383871,26.7616132190323,29.6959256077419,28.3030600267742,27.4189027845161,24.3855008035484,28.1418957122581,23.7377465032258,26.6807731383871
2006,6,23.7301686616667,23.4417714433333,26.0489796953333,25.0065999356667,23.854429117,21.7880869553333,25.0289825446667,21.2730733226667,23.7301686616667
2006,7,24.1211673867742,23.5533327164516,26.0312242077419,25.1560745732258,24.0530157267742,22.3079182287097,25.3374356174194,21.9915257609677,24.1211673867742
2006,8,24.514923883871,23.8416598416129,26.5522340845161,25.4679041703226,24.6941309780645,22.7525189796774,25.651966513871,22.5722565687097,24.514923883871
2006,9,24.280313111,23.5916839586667,26.345022583,25.2161397303333,24.411567179,22.5034057626667,25.3498586016667,22.3460042326667,24.280313111
2006,10,23.9627161825806,22.9965926625806,26.1389394448387,24.5956783170968,23.9953670380645,22.0849568032258,25.0077296103226,21.8422908670968,23.9627161825806
2006,11,21.1760131833333,20.26670634,24.0576731366667,21.8123067216667,21.5184906016667,19.276355998,22.1712575266667,18.807797242,21.1760131833333
2006,12,21.5761323,20.8680782196774,25.031678033871,22.3743687783871,22.2624982290323,19.4663123351613,22.6578760951613,18.8052631996774,21.5761323
2007,1,22.4780812896774,22.0581170858065,26.4090849841935,23.5341135335484,23.5007962132258,20.1678464829032,23.6829812322581,19.3372869667742,22.4780812896774
2007,2,24.8012765075,24.9431167596429,29.031270055,26.4156978057143,26.1856410421429,22.2940122332143,26.1627376010714,21.3971463889286,24.8012765075
2007,3,24.5643387335484,24.6451610919355,29.0288251322581,26.1160847322581,26.2433568151613,22.0960248390323,25.9774876748387,21.1664082190323,24.5643387335484
2007,4,27.3939147946667,27.5158223466667,31.2663391113333,29.0247009283333,28.7996500653333,24.8831624346667,28.9093383793333,24.0925862633333,27.3939147946667
2007,5,26.6817122919355,26.9623470180645,30.3947870070968,28.5049712141935,28.1568493254839,24.3863858135484,28.1428614467742,23.7386512016129,26.6817122919355
2007,6,25.229677328,25.0643575026667,27.6654235843333,26.6387481693333,25.561275227,23.2040842683333,26.573716227,22.7236867273333,25.229677328
2007,7,24.7754248832258,24.5481752451613,27.8271935245161,26.1567794303226,25.9494243009677,22.9257377377419,26.0114242067742,22.6244514719355,24.7754248832258
2007,8,24.6077179935484,24.256226373871,27.2459301364516,25.8849190009677,25.4266207790323,22.8401447906452,25.747562333871,22.6620274696774,24.6077179935484
2007,9,23.7799387616667,23.1299387616667,25.9198994953333,24.7516682943333,23.9626647946667,22.0308980306667,24.8343922933333,21.8619476313333,23.7799387616667
2007,10,22.3132145048387,21.6015012674194,24.1828522716129,23.1923599741936,21.92988616,20.5273159890323,23.3084773890323,20.2465739583871,22.3132145048387
2007,11,20.9684631346667,20.235862223,24.323212687,21.7812825526667,21.7988830563333,19.080367025,21.9574493416667,18.6070159903333,20.9684631346667
2007,12,22.5576770409677,22.2866268025806,26.3836864851613,23.801280163871,23.6901164390323,20.39318828,23.6690209177419,19.754797953871,22.5576770409677
2008,1,21.9857540009677,21.9639870925806,26.1309349793548,23.4394283174193,23.2070950425806,19.7029397287097,23.1758066483871,18.8610158612903,21.9857540009677
2008,2,24.2033020013793,24.4028027765517,28.2615390117241,25.8720989358621,25.3731796803448,21.7293103455172,25.5479128075862,20.8175524486207,24.2033020013793
2008,3,25.1258985941936,25.3111816409677,29.2155720370968,26.7863974296774,26.4448978551613,22.6287209796774,26.5573000012903,21.7129002722581,25.1258985941936
2008,4,26.536904907,26.7210083013333,30.653464762,28.2262064613333,28.1606658936667,24.0789235436667,28.026206461,23.2725474036667,26.536904907
2008,5,27.1534372632258,27.2442565909677,30.45394484,28.7899276245161,28.2290174919355,24.838124723871,28.6269391464516,24.2076138406452,27.1534372632258
2008,6,24.356267294,24.0058563236667,26.596413167,25.575382486,24.441105144,22.385133871,25.6710917146667,21.8911855053333,24.356267294
2008,7,23.9337569696774,23.5274754674194,26.055350813871,25.1310324403226,24.0834693170968,22.1345773993548,25.1412607509677,21.8192550174194,23.9337569696774
2008,8,24.7658049558065,24.3434495490323,27.0888020170968,25.9730173422581,25.2611406887097,22.9901760964516,25.9078485303226,22.8182164348387,24.7658049558065
2008,9,24.5969818116667,23.94717102,26.3231831876667,25.573341878,24.384019979,22.799939981,25.6747711186667,22.649027506,24.5969818116667
2008,10,21.1580660912903,19.9990498206452,23.0235721716129,21.5794075258065,20.6973225248387,19.4312555119355,22.1188982564516,19.1196503670968,21.1580660912903
2008,11,20.771011353,20.012158203,23.5002848306667,21.5549102783333,20.9204976396667,18.887795003,21.755885822,18.403523763,20.771011353
2008,12,21.1489541325806,20.7242439519355,24.6936712458064,22.2283214929032,21.8970758251613,19.0571690719355,22.220712773871,18.3796660396774,21.1489541325806
2009,1,21.6400951751613,21.4568233364516,25.8783518151613,22.929274823871,22.9403822383871,19.3765286351613,22.819720656129,18.5266298354839,21.6400951751613
2009,2,22.5644219532143,22.6046811775,27.1012130735714,24.0634759089286,24.1476401185714,20.1817326135714,23.8584217617857,19.2332310275,22.5644219532143
2009,3,24.5559355722581,24.7024317593548,28.6752632396774,26.1736920754839,25.8700195312903,22.0880902690323,25.9688305270968,21.1582826670968,24.5559355722581
2009,4,27.638787842,27.646446737,31.0450978596667,29.1560953783333,28.566036987,25.1143971763333,29.161598714,24.3294799803333,27.638787842
2009,5,26.0701114774194,26.1871276851613,28.9027963948387,27.7251840909677,26.5814187332258,23.8088475383871,27.512815216129,23.1469931332258,26.0701114774194
2009,6,25.5575754806667,25.44301351,28.139920044,27.0196380606667,26.0623087556667,23.513720703,26.911505126,23.040894572,25.5575754806667
2009,7,24.8162190103226,24.3885663429032,27.6004361064516,25.9962294051613,25.7099823987097,22.9642597819355,26.0534488803226,22.6639146377419,24.8162190103226
2009,8,24.4158943422581,23.6875253987097,27.295003386129,25.3128669983871,25.4784376574194,22.6590101677419,25.549954126129,22.4764589380645,24.4158943422581
2009,9,25.276873779,24.7688903806667,28.2056620283333,26.4002807616667,26.3762573236667,23.4444590263333,26.376476033,23.3100728346667,25.276873779
2009,10,24.7655145458065,24.2080066312903,27.7461181635484,25.8142333990323,25.6924239625806,22.8430410080645,25.8347392419355,22.6189130232258,24.7655145458065
2009,11,21.9563334156667,21.001040649,24.4977457676667,22.5509684243333,21.9831756583333,20.0132191983333,22.9751118973333,19.5626749673333,21.9563334156667
2009,12,23.0316278267742,22.6433201945161,26.2850329990322,24.1600733603226,23.5859471487097,20.8407433293548,24.1572706654839,20.2132989693548,23.0316278267742
2010,1,21.8892170564516,21.6746154793548,25.9088270625806,23.1483516574194,22.9725625306452,19.611781753871,23.0763587216129,18.7676301034516,21.8892170564516
2010,2,25.1794852121429,25.1441098889286,29.2222817564286,26.6178778517857,26.3873284478571,22.6511550917857,26.5523533417857,21.7630249035714,25.1794852121429
2010,3,27.2146919496774,27.1749117945161,31.1977222080645,28.6607486851613,28.5335524041935,24.5987753590323,28.7077782416129,23.7303464841936,27.2146919496774
2010,4,27.7417612713333,27.877475992,30.8062510166667,29.388490804,28.313832601,25.211636352,29.2676778166667,24.4290944413333,27.7417612713333
2010,5,26.4394391464516,26.3287696103226,29.0484558106452,27.8676627870968,26.7352253570968,24.15760439,27.8932837696774,23.5042791541935,26.4394391464516
2010,6,25.3992563876667,25.2774475096667,27.413228352,26.8530975336667,25.294973755,23.3642201743333,26.7484120683333,22.887739055,25.3992563876667
2010,7,24.7243502712903,24.3084537632258,26.4971341035484,25.9156442948387,24.544980743871,22.8775101203226,25.958812886129,22.575046466129,24.7243502712903
2010,8,24.6818363303226,24.0222904316129,25.9597796041935,25.6496048464516,24.0685403148387,22.9101373487097,25.8239143619355,22.7337250741935,24.6818363303226
2010,9,23.9678639733333,23.2262491863333,25.1910705563333,24.848546346,23.1930755623333,22.2083546956667,25.0279836013333,22.0437428783333,23.9678639733333
2010,10,21.9697391632258,21.0644795070968,24.0942705706452,22.6521722616129,21.8363478132258,20.2029692619355,22.9546388693548,19.9142936474193,21.9697391632258
2010,11,21.3298248293333,20.533943685,24.2610321053333,22.0811177573333,21.7332214356667,19.4215993246667,22.3297058103333,18.9565928143333,21.3298248293333
2010,12,20.3731845,20.026146476129,24.3927374080645,21.5274705458064,21.5878225012903,18.3303594767742,21.4186458470968,17.6415354087097,20.3731845
2011,1,23.0822062835484,22.7248976190323,26.7985434267742,24.2048249280645,23.9120373141935,20.7383253519355,24.3053271874194,19.9217182777419,23.0822062835484
2011,2,23.7183602467857,23.6653043478571,27.8832456321429,25.1303562717857,24.9734054564286,21.2714074282143,25.0471631728571,20.3495411457143,23.7183602467857
2011,3,24.33576798,24.8358457506452,28.6316191641935,26.3078946016129,25.8239379880645,21.8801858222581,25.7420268390323,20.9452935990323,24.33576798
2011,4,27.0193593333333,27.447832235,30.5289723713333,28.956313069,28.021044922,24.5294647223333,28.5234863283333,23.730243938,27.0193593333333
2011,5,26.8831922954839,27.3309166690323,30.4412751219355,28.8757184425806,28.2059334051613,24.5766422396774,28.3504124793548,23.9335610670968,26.8831922954839
2011,6,25.155664062,25.172006226,28.0774770103333,26.7470306393333,25.9963684086667,23.134195964,26.4974721273333,22.652087403,25.155664062
2011,7,24.5826620783871,24.2508808754839,26.9661400580645,25.8577307912903,25.0402150790323,22.7437102283871,25.8128502632258,22.4379752867742,24.5826620783871
2011,8,24.9203764890323,24.6924210090323,27.6384895577419,26.3236859719355,25.8411380893548,23.1353925151613,26.0696497774194,22.9644881706452,24.9203764890323
2011,9,24.4598663336667,23.8595428463333,26.4669860843333,25.4855733243333,24.5403472903333,22.6729583746667,25.5348297123333,22.519704183,24.4598663336667
2011,10,21.6334246229032,20.6687935112903,23.4762384241936,22.2541570848387,21.1837559864516,19.8853826703226,22.6081836332258,19.5889427912903,21.6334246229032
2011,11,21.633915202,20.90567627,24.6962982183333,22.455039469,22.1928354893333,19.7087575276667,22.6429677333333,19.250762939,21.633915202
2011,12,21.2223764732258,20.5878392374194,24.8470151845161,22.0924749558064,22.0675096080645,19.1322521580645,22.2934499425806,18.4630390790323,21.2223764732258
2012,1,22.0642265077419,21.913124133871,26.1893003396774,23.3882660896774,23.2687208606452,19.7770354248387,23.2566437754839,18.9369278445161,22.0642265077419
2012,2,23.6091100234483,23.4591761093103,27.6759856134483,24.9229043893103,24.7548798662069,21.1682152055172,24.935805957931,20.2427401834483,23.6091100234483
2012,3,24.8225912774194,24.7631961945161,29.139642333871,26.2351761358065,26.3647193174194,22.3423066170968,26.2448462706452,21.4194855719355,24.8225912774194
2012,4,26.411085001,26.5951039623333,30.0511332193333,28.0995635983333,27.524649048,23.960113526,27.8965901693333,23.1508310953333,26.411085001
2012,5,26.1448037422581,26.0657395887097,29.341607666129,27.6044624577419,27.0544667893548,23.8856652032258,27.5878855054839,23.2318644864516,26.1448037422581
2012,6,26.381892903,26.152197266,28.672681681,27.734381103,26.6334849036667,24.297942097,27.757809448,23.8507629393333,26.381892903
2012,7,24.8797989377419,24.2085766206452,28.1741439325806,25.8161451770968,26.3207523474194,23.0279322477419,26.1158356696774,22.7344456829032,24.8797989377419
2012,8,25.3468842522581,24.9925643432258,27.9849723574194,26.6259615987097,26.2074317203226,23.53889298,26.5064527941936,23.3803472703226,25.3468842522581
2012,9,24.7005900066667,24.2827056893333,27.5201070153333,25.9108540856667,25.6478800453333,22.8977773033333,25.781507365,22.7492594406667,24.7005900066667
2012,10,23.1030891674194,22.1885590580645,25.7051281348387,23.7818227458065,23.5288379296774,21.2679598903226,24.1225879296774,21.0012598835484,23.1030891674194
2012,11,20.8340799966667,20.2107676196667,24.7030822753333,21.7546905513333,22.190556845,18.9473520916667,21.820853678,18.464537557,20.8340799966667
2012,12,22.9438769932258,22.4921764741935,26.6143836241936,24.0066752774194,23.9252031874193,20.7521301264516,24.0697738158064,20.1160670129032,22.9438769932258
2013,1,22.3504055883871,21.879609926129,26.2507686480645,23.3545579474194,23.3336258429032,20.0472794074194,23.5514553941935,19.2137764222581,22.3504055883871
2013,2,25.2815349039286,25.1946938660714,29.2665987285714,26.6687615525,26.4341293332143,22.7475219732143,26.6574842178571,21.8617481775,25.2815349039286
2013,3,24.9809991654839,24.996065003871,29.4237147180645,26.4690559632258,26.66032833,22.4894820677419,26.4067164267742,21.5694853748387,24.9809991654839
2013,4,28.6282735186667,28.517068481,31.9756835936667,30.0318532313333,29.5486684166667,26.048778279,30.180927531,25.2866994226667,28.6282735186667
2013,5,26.6932312012903,26.7366321193548,30.0141067993548,28.2779283090323,27.7548786777419,24.3972599145161,28.1547258929032,23.7497950396774,26.6932312012903
2013,6,25.0491546633333,24.9202006026667,27.5832285566667,26.493741863,25.474479167,23.03361613,26.3877482096667,22.549049886,25.0491546633333
2013,7,24.6648754493548,24.3824746406452,27.4397974822581,25.9901012790323,25.5403597922581,22.821343993871,25.8975385109677,22.5175050803226,24.6648754493548
2013,8,24.3156263783871,23.6924013193548,26.9967078422581,25.317770483871,25.1634637654839,22.5643239667742,25.44665803,22.3794593070968,24.3156263783871
2013,9,24.5113535573333,23.7635447186667,25.8475718173333,25.3890106206667,23.8862965896667,22.7215769453333,25.5878662106667,22.569513958,24.5113535573333
2013,10,23.6466407035484,22.5884180870968,25.6559899112903,24.1850997429032,23.4854064941935,21.7864801229032,24.6821178809677,21.5365234374194,23.6466407035484
2013,11,21.624580892,20.5216613776667,24.362176513,22.0687672933333,21.8400248206667,19.6999430346667,22.633355713,19.2417378746667,21.624580892
2013,12,21.8819312303226,21.0453587683871,25.0203126967742,22.5526918474194,22.2504989125806,19.7550765490323,22.9728972403226,19.1010878041935,21.8819312303226
2014,1,20.9914460212903,20.692258576129,25.4617730909677,22.1602072445161,22.5005048203226,18.7640024483871,22.1515067809677,17.8991273941935,20.9914460212903
2014,2,24.0989798410714,24.1010212485714,28.4757019039286,25.5686388292857,25.5990005489286,21.6308303835714,25.4392617367857,20.717755345,24.0989798410714
2014,3,26.4234115106452,26.6567745083871,30.5998434745161,28.1395606254839,27.9022342806452,23.8515623035484,27.8926340409677,22.9648701332258,26.4234115106452
2014,4,26.7596822113333,27.1107259116667,30.738199871,28.617218018,28.2419728596667,24.284253947,28.255979411,23.4790344243333,26.7596822113333
2014,5,24.7341956354839,24.6631851696774,27.9131290551613,26.1922585764516,25.5364043206452,22.5473305980645,26.1366063264516,21.8546357196774,24.7341956354839
2014,6,25.2129414876667,24.8654357903333,27.7433481856667,26.4386525473333,25.6435567216667,23.1882832846667,26.556477865,22.7074981693333,25.2129414876667
2014,7,25.0404267348387,24.6825096864516,28.4509039106452,26.2919053603226,26.6080093880645,23.17597991,26.2844196932258,22.8808089722581,25.0404267348387
2014,8,25.1199831067742,24.6494719477419,28.3154029106452,26.2804829254839,26.5559021,23.3238808909677,26.2752752493548,23.1575866703226,25.1199831067742
2014,9,23.9948903396667,23.367578125,25.9943522136667,24.99071045,24.0412841796667,22.2338775636667,25.0558288576667,22.06989441,23.9948903396667
2014,10,23.2735810303226,22.3033071219355,25.0054211035484,23.8983073574193,22.7984597480645,21.4341989819355,24.2978060825806,21.1756255112903,23.2735810303226
2014,11,20.6373484296667,19.8024414066667,23.592248535,21.3453063963333,21.027042643,18.7676951083333,21.6163472496667,18.2866963693333,20.6373484296667
2014,12,21.1906135809677,20.7048091764516,25.0076597158065,22.2101359709677,22.2371381206452,19.1022651919355,22.2607321470968,18.4323157522581,21.1906135809677
2015,1,21.1798477664516,20.5548851751613,25.0831592196774,22.022022666129,22.1007196241935,18.9419130380645,22.3455926703226,18.0813852616129,21.1798477664516
2015,2,22.8374790732143,22.5648851657143,27.1155094685714,24.0234433860714,24.1627365117857,20.4395865289286,24.1397153589286,19.4973835532143,22.8374790732143
2015,3,24.7387289719355,24.4697047074193,28.7501632193548,25.9396025632258,25.9491082954839,22.2607035970968,26.1571397348387,21.3351152970968,24.7387289719355
2015,4,27.593746948,27.1846903486667,30.988787842,28.69162089,28.506577555,25.0718607586667,29.1151967366667,24.2859018963333,27.593746948
2015,5,26.4550090170968,26.0186765603226,30.0174647170968,27.5557406516129,27.75842167,24.1723118935484,27.9093261716129,23.5193390877419,26.4550090170968
2015,6,25.1640299486667,24.7225311276667,27.8914683026667,26.2949055973333,25.79995931,23.1420939123333,26.50609131,22.6601816813333,25.1640299486667
2015,7,25.1920813777419,24.4893875619355,28.1828237219355,26.0976452248387,26.3249371929032,23.3191890596774,26.4406450829032,23.0275207529032,25.1920813777419
2015,8,26.1560184606452,25.3589022729032,29.1867841167742,26.9940941590323,27.4760149558065,24.3022143954839,27.3425546948387,24.1598420180645,26.1560184606452
2015,9,24.8772186276667,23.942322795,27.000197348,25.5688476563333,25.1033782953333,23.06706543,25.9647664393333,22.9234476726667,24.8772186276667
2015,10,24.0844744280645,22.7952485106452,25.5309849893548,24.39314398,23.3534169841936,22.1999303009677,25.1331588267742,21.9600798570968,24.0844744280645
2015,11,22.856363932,21.6119913743333,24.902321371,23.1655202226667,22.4103841146667,20.863123576,23.9022888183333,20.4333577476667,22.856363932
2015,12,23.1854639851613,22.4620792516129,26.2400973412903,23.977765286129,23.5384952664516,20.9860089703226,24.3157454948387,20.3621174477419,23.1854639851613
2016,1,22.7885484248387,22.3813002064516,26.6686369867742,23.8592044958065,23.7748637535484,20.4610199958064,24.0028113580645,19.6376340803226,22.7885484248387
2016,2,21.6148262813793,21.5344777075862,26.2492277993103,22.9868597624138,23.2483333189655,19.2850017672414,22.8813762789655,18.3134820348276,21.6148262813793
2016,3,27.1901883025806,27.1260255874194,30.5825596967742,28.6119382787097,27.8883369687097,24.5780460483871,28.6838534445161,23.7098878916129,27.1901883025806
2016,4,27.9701253253333,27.907334391,31.6713144936667,29.4195302333333,29.235437012,25.4323272706667,29.5026540113333,24.659036255,27.9701253253333
2016,5,27.7771771832258,27.9408902070968,31.5148874587097,29.4906732377419,29.3492921896774,25.4271248109677,29.2694897067742,24.81101724,27.7771771832258
2016,6,25.676218668,25.472318522,28.2270050046667,27.0504903146667,26.162885538,23.6315734866667,27.0308553063333,23.1680938723333,25.676218668
2016,7,25.0769188670968,24.7714851619355,28.3892820296774,26.3823761967742,26.5479212609677,23.214067816129,26.3188976658065,22.9251392,25.0769188670968
2016,8,25.2325959232258,24.6474459748387,27.8945861812903,26.2788083967742,26.1119855325806,23.4309719951613,26.3887218848387,23.2697889758064,25.2325959232258
2016,9,24.7102447503333,23.6456329333333,26.8289072673333,25.270021566,24.918023682,22.9068959546667,25.7914510096667,22.7585998526667,24.7102447503333
2016,10,23.1890384787097,21.98203381,25.8667954974194,23.5740797470968,23.6995512935484,21.3491149903226,24.2111292674194,21.0844035490323,23.1890384787097
2016,11,22.1199300126667,20.967449951,25.0502807613333,22.5158284503333,22.5571716313333,20.1615814213333,23.1454823823333,19.7084533693333,22.1199300126667
2016,12,22.9211413964516,22.1501029719355,26.150281156129,23.6625856458064,23.4351410890323,20.7306634719355,24.0463550203226,20.0940766370968,22.9211413964516
2017,1,23.3478293145161,22.9420784241936,27.0568077819355,24.4232884564516,24.1847443616129,20.9891562177419,24.5789615751613,20.1786802232258,23.3478293145161
2017,2,25.0429550167857,24.6682678228571,28.7690695621429,26.1392292575,25.9087768560714,22.5222324917857,26.4117065428571,21.6309513635714,25.0429550167857
2017,3,24.2644592283871,24.0986995574194,28.3891087683871,25.5664021151613,25.56786499,21.8128482941935,25.6685661064516,20.8763091054839,24.2644592283871
2017,4,27.7723347986667,27.5753122973333,31.15425415,29.08454183,28.6812927243333,25.2405049643333,29.2991729726667,24.458670044,27.7723347986667
2017,5,26.9544971096774,27.0290535222581,30.2398295735484,28.5720734632258,27.9932219470968,24.643978783871,28.4238761654839,24.0025435906452,26.9544971096774
2017,6,25.529577636,25.6592569986667,27.6929107663333,27.2371531173333,25.5902974453333,23.4872843416667,26.8826660163333,23.013815307,25.529577636
2017,7,24.5060570496774,24.0580658948387,27.1513138312903,25.6637846919355,25.235748093871,22.6713756935484,25.73393279,22.3638687632258,24.5060570496774
2017,8,25.292811043871,24.7402469758064,27.9657118270968,26.3717915187097,26.18665614,23.4870810235484,26.4533157829032,23.3247777151613,25.292811043871
2017,9,25.0451904286667,24.3836161296667,26.7666839593333,26.0127400723333,24.8568044026667,23.2256825763333,26.1378061933333,23.0859436026667,25.0451904286667
2017,10,22.5835146009677,21.578041126129,24.3615700996774,23.1687659477419,22.1185970174194,20.7825630432258,23.5869315854839,20.5080593970968,22.5835146009677
2017,11,21.6635121656667,20.755843099,24.7627492263333,22.3043273923333,22.2630045586667,19.736706543,22.6734568286667,19.279399618,21.6635121656667
2017,12,21.2759417129032,20.7105966880645,24.9921656458065,22.2159559680645,22.2207767616129,19.1828384896774,22.3486326151613,18.5148598945161,21.2759417129032
2018,1,20.1182701851613,19.7641323954839,24.5570745651613,21.2266066032258,21.5452120867742,17.9394588348387,21.2519962425806,17.0544224896774,20.1182701851613
2018,2,23.5563173564286,23.4194590982143,27.7062502175,24.8830581667857,24.7865168978571,21.1183901114286,24.8802287510714,20.1927843367857,23.5563173564286
2018,3,26.7460315322581,26.5221398135484,30.6199899970968,28.0041305058064,27.9235089703226,24.1562114106452,28.2249803106452,23.27696356,26.7460315322581
2018,4,26.824360148,26.6839111316667,30.3707122806667,28.18788859,27.8539388023333,24.345326742,28.3226084386667,23.5416025793333,26.824360148
2018,5,26.4023819464516,26.4070481822581,29.8299666864516,27.9464020764516,27.5604393741935,24.1226135251613,27.8551062803226,23.4684288764516,26.4023819464516
2018,6,25.390564982,25.1663391113333,27.8322224926667,26.7413319906667,25.7374003096667,23.3560150146667,26.739459228,22.8793314613333,25.390564982
2018,7,25.3994749006452,25.0382895183871,28.9529663083871,26.649784013871,27.1381499258065,23.5150331554839,26.6542947096774,23.2281511858065,25.3994749006452
2018,8,25.0293626358065,24.4694507229032,28.26297568,26.0994024458065,26.5005422283871,23.2383046793548,26.1819180406452,23.0699195129032,25.0293626358065
2018,9,24.884298705,24.1355906173333,27.2385111486667,25.7632507313333,25.3550252273333,23.0737497963333,25.9720581063333,22.930296834,24.884298705
2018,10,23.4380008819355,22.4827219319355,25.2515483241935,24.0787774848387,23.0583484274194,21.5894615903226,24.467186516129,21.3346841141935,23.4380008819355
2018,11,23.1356770826667,22.425642903,26.1910522463333,23.9839680983333,23.7711791986667,21.126877848,24.1900177003333,20.7035583506667,23.1356770826667
2018,12,22.9142296570968,22.3618654316129,26.4645255793548,23.8769608025806,23.7754780429032,20.7298877335484,24.0363304883871,20.0997282945161,22.9142296570968
2019,1,22.9454983616129,22.5101503422581,27.0684300564516,23.9888126487097,24.1970203029032,20.6092261522581,24.1644934867742,19.7894639541935,22.9454983616129
2019,2,25.9169424878571,25.72450191,29.7300997057143,27.2016954710714,26.9235484521429,23.3475466053571,27.3120535717857,22.4764365064286,25.9169424878571
2019,3,26.0905247851613,25.7795112854839,30.0104909593548,27.2571231974194,27.2799217967742,23.5372125445161,27.5497030932258,22.6428338816129,26.0905247851613
2019,4,27.674511718,27.7682576496667,31.214028931,29.27862854,28.7444132483333,25.14813029,29.1983998626667,24.3640391026667,27.674511718
2019,5,27.3867205216129,27.8785979241936,30.6264479116129,29.4266266858065,28.4014654348387,25.0521307167742,28.8691374741936,24.4206728041935,27.3867205216129
2019,6,26.50071818,26.5440399163333,29.7142069496667,28.1271555576667,27.7246348063333,24.4043375663333,27.8830942793333,23.953288777,26.50071818
2019,7,25.7130587664516,25.3221797816129,29.1768816551613,26.9353478219355,27.3745853548387,23.8111550616129,26.9773360709677,23.5315126480645,25.7130587664516
2019,8,26.2413465925806,25.5931414209677,29.0318227458065,27.2297164425806,27.3123875777419,24.3827876912903,27.4304561493548,24.2423861593548,26.2413465925806
2019,9,25.1677907316667,24.3216125493333,27.5117930096667,25.950371298,25.643586222,23.3414550783333,26.2641031903333,23.204548137,25.1677907316667
2019,10,24.1012846912903,23.1635179093548,25.583677033871,24.7635850474194,23.4090456077419,22.2158063335484,25.1504809964516,21.9763417887097,24.1012846912903
2019,11,22.7566131586667,21.837669881,25.4646209726667,23.392529297,23.0041300456667,20.7689280196667,23.79952596,20.336857097,22.7566131586667
2019,12,22.6302291387097,22.1532059216129,26.4123552890323,23.6670707448387,23.7203898774194,20.4617002425806,23.7437643729032,19.8249873983871,22.6302291387097
2020,1,23.2011569116129,23.0109172203226,27.0219429264516,24.4925328412903,24.1479283483871,20.8506556351613,24.4278690467742,20.0367951416129,23.2011569116129
2020,2,24.8430893468965,24.7932120489655,28.8970644196552,26.264806497931,26.044247542069,22.3334689441379,26.2069988386207,21.4364857631034,24.8430893468965
2020,3,26.3565662012903,26.1601166754839,30.4299284909677,27.6403363625806,27.7271657635484,23.7908470887097,27.82508289,22.9034412009677,26.3565662012903
2020,4,30.6895100913333,30.487411499,33.364349365,32.0148234053333,31.0231577553333,28.0002594,32.304055786,27.2897532143333,30.6895100913333
2020,5,27.57258537,27.7450323290323,30.4010007793548,29.2936527380645,28.1731102732258,25.2339268845161,29.0587274367742,24.6130940093548,27.57258537
2020,6,24.8823832206667,24.6101969413333,26.976977539,26.1832845046667,24.8429484046667,22.881948852,26.2130808513333,22.4001454673333,24.8823832206667
2020,7,25.3459697106452,25.1595575148387,28.2493028212903,26.7727344148387,26.4001138012903,23.4681404358065,26.596066186129,23.1854157487097,25.3459697106452
2020,8,25.1494502887097,24.4381830029032,27.3610099541935,26.0683079870968,25.5485719748387,23.3524601109677,26.3030629812903,23.1893535,25.1494502887097
2020,9,24.9856892903333,24.3113505043333,27.341039022,25.939667765,25.4587931316667,23.1670033773333,26.0752065023333,23.025066122,24.9856892903333
2020,10,23.4440758483871,22.6908518145161,25.8161766793548,24.2870766916129,23.6461002470968,21.5899538103226,24.4738560832258,21.3311273396774,23.4440758483871
2020,11,21.6140858966667,20.5985544843333,23.6041015623333,22.1447601313333,21.0301106763333,19.6839131673333,22.6243845623333,19.2191070566667,21.6140858966667
2020,12,21.7343915383871,21.1534362796774,24.9953286448387,22.6600398893548,22.2155966483871,19.6100018906452,22.8238080419355,18.9460151916129,21.7343915383871
